acq_date,latitude,longitude,brightness,scan,track,confidence,bright_t31,frp,type,month,weekofyear,season
2019-01-01,21.318849999999998,80.43385,314.6,1.2,1.1,60.0,300.15,9.6,0.0,1,1,Winter
2019-01-02,20.9611,77.3629,313.4,1.1,1.0,61.0,299.5,10.3,0.0,1,1,Winter
2019-01-03,21.6996,82.3507,312.7,1.1,1.0,62.0,300.3,7.7,0.0,1,1,Winter
2019-01-04,19.92915,77.15375,314.0,1.2,1.1,59.0,299.45,9.649999999999999,0.0,1,1,Winter
2019-01-05,21.2713,82.3539,314.4,1.1,1.1,64.0,301.95,9.5,0.0,1,1,Winter
2019-01-06,20.9378,78.5275,314.7,1.1,1.0,61.0,299.9,9.3,0.0,1,1,Winter
2019-01-07,21.6354,82.3101,313.0,1.5,1.2,63.0,299.3,13.4,0.0,1,2,Winter
2019-01-08,21.8609,81.52865,314.79999999999995,1.1,1.1,62.0,298.9,10.8,0.0,1,2,Winter
2019-01-09,22.00745,80.7348,312.4,1.3,1.1,62.0,298.15,12.2,0.0,1,2,Winter
2019-01-10,21.85765,81.8517,313.55,1.1,1.1,62.5,299.0,9.0,0.0,1,2,Winter
2019-01-11,21.736,79.2909,313.1,1.1,1.1,58.0,296.9,8.5,0.0,1,2,Winter
2019-01-12,21.7272,82.4522,315.5,1.0,1.0,62.0,301.9,8.7,0.0,1,2,Winter
2019-01-13,21.232,78.9183,313.5,1.1,1.1,58.0,298.1,9.4,0.0,1,2,Winter
2019-01-14,21.868,82.4761,315.2,1.3,1.1,62.0,301.5,10.0,0.0,1,3,Winter
2019-01-15,21.1932,78.3743,316.2,1.2,1.1,62.0,301.4,10.2,0.0,1,3,Winter
2019-01-16,22.3469,82.3007,314.7,1.4,1.2,63.0,297.8,14.3,0.0,1,3,Winter
2019-01-17,21.192999999999998,79.0184,316.95,1.1,1.1,63.0,302.65,9.8,0.0,1,3,Winter
2019-01-18,21.7754,78.6364,313.8,1.2,1.1,60.0,300.6,12.4,0.0,1,3,Winter
2019-01-19,21.6745,79.0861,316.2,1.1,1.0,61.0,300.8,9.6,0.0,1,3,Winter
2019-01-20,19.8744,77.6381,316.15,1.1,1.0,60.0,302.35,9.2,0.0,1,3,Winter
2019-01-21,21.804499999999997,81.90065,316.05,1.2,1.1,63.0,302.65,10.850000000000001,0.0,1,4,Winter
2019-01-22,19.33265,78.1323,317.75,1.1,1.1,61.0,302.8,10.4,0.0,1,4,Winter
2019-01-23,22.005,83.0061,314.9,1.5,1.2,64.0,299.4,14.3,0.0,1,4,Winter
2019-01-24,20.8783,79.2527,316.6,1.1,1.1,64.0,301.2,11.2,0.0,1,4,Winter
2019-01-25,21.5456,76.115,316.0,1.2,1.1,61.0,301.8,11.6,0.0,1,4,Winter
2019-01-26,20.2405,80.3557,318.4,1.1,1.1,64.0,304.8,10.4,0.0,1,4,Winter
2019-01-27,19.5558,77.4929,315.4,1.1,1.0,60.0,300.8,8.7,0.0,1,4,Winter
2019-01-28,21.6491,82.2567,317.9,1.0,1.0,63.0,304.4,8.8,0.0,1,5,Winter
2019-01-29,19.5774,77.7241,317.2,1.1,1.0,59.0,303.2,10.6,0.0,1,5,Winter
2019-01-30,21.741950000000003,82.7124,316.29999999999995,1.3,1.1,62.0,303.35,12.100000000000001,0.0,1,5,Winter
2019-01-31,18.6659,78.68545,322.8,1.2,1.1,63.5,308.4,12.55,0.0,1,5,Winter
2019-02-01,21.7886,79.3993,316.1,1.6,1.2,60.0,303.0,14.0,0.0,2,5,Winter
2019-02-02,18.9434,78.83975000000001,322.85,1.1,1.0,64.0,308.6,11.7,0.0,2,5,Winter
2019-02-03,19.3838,77.224,317.5,1.2,1.1,60.0,303.29999999999995,12.5,0.0,2,5,Winter
2019-02-04,21.4572,79.9321,320.0,1.1,1.0,65.0,304.7,10.7,0.0,2,6,Winter
2019-02-05,17.66525,77.2869,319.9,1.1,1.1,63.5,303.5,11.25,0.0,2,6,Winter
2019-02-06,20.96295,83.48124999999999,315.85,1.1,1.1,61.0,300.45,11.05,0.0,2,6,Winter
2019-02-07,25.347949999999997,80.65020000000001,309.35,1.2,1.1,60.5,291.95,11.0,0.0,2,6,Winter
2019-02-08,21.992150000000002,80.50035,316.29999999999995,1.5,1.2,62.0,299.8,14.05,0.0,2,6,Winter
2019-02-09,25.6237,79.5315,314.75,1.3,1.1,61.0,295.7,12.0,0.0,2,6,Winter
2019-02-10,28.2964,77.99404999999999,308.1,1.2,1.1,60.0,292.75,9.0,0.0,2,6,Winter
2019-02-11,19.1575,78.5522,311.0,1.1,1.0,63.0,290.2,10.9,0.0,2,7,Winter
2019-02-12,25.385,92.2438,317.0,1.1,1.0,67.0,299.3,10.4,0.0,2,7,Winter
2019-02-13,25.2033,86.4434,310.4,1.2,1.1,63.0,291.2,11.2,0.0,2,7,Winter
2019-02-14,19.5853,78.77170000000001,319.3,1.1,1.0,66.5,300.79999999999995,11.75,0.0,2,7,Winter
2019-02-15,22.4377,83.6902,316.3,1.4,1.2,64.0,297.3,13.0,0.0,2,7,Winter
2019-02-16,19.0726,80.1588,322.8,1.1,1.1,66.0,304.5,13.0,0.0,2,7,Winter
2019-02-17,22.1188,83.2251,317.5,1.7,1.3,60.0,299.3,15.4,0.0,2,7,Winter
2019-02-18,20.117150000000002,80.1152,323.55,1.2,1.1,64.0,307.15,12.850000000000001,0.0,2,8,Winter
2019-02-19,25.0594,92.2616,318.2,1.1,1.0,65.0,298.1,13.2,0.0,2,8,Winter
2019-02-20,20.963250000000002,80.08765,321.2,1.1,1.0,64.0,304.45,10.350000000000001,0.0,2,8,Winter
2019-02-21,22.20065,79.84909999999999,321.25,1.1,1.0,64.0,301.1,12.25,0.0,2,8,Winter
2019-02-22,21.4745,82.5475,322.9,1.2,1.1,64.0,307.5,11.9,0.0,2,8,Winter
2019-02-23,17.878,78.72954999999999,324.4,1.1,1.1,64.0,307.7,12.75,0.0,2,8,Winter
2019-02-24,20.9724,82.7005,320.9,1.6,1.3,66.0,302.3,17.0,0.0,2,8,Winter
2019-02-25,17.863500000000002,79.09735,327.05,1.2,1.1,65.0,310.65,14.25,0.0,2,9,Winter
2019-02-26,17.9768,75.5631,323.1,1.5,1.2,61.0,307.6,16.2,0.0,2,9,Winter
2019-02-27,18.3585,80.024,326.6,1.1,1.0,64.0,311.6,12.5,0.0,2,9,Winter
2019-02-28,17.55845,76.64359999999999,326.6,1.2,1.1,66.0,309.85,15.3,0.0,2,9,Winter
2019-03-01,19.343449999999997,81.65245,326.2,1.1,1.1,65.0,310.3,13.25,0.0,3,9,Winter
2019-03-02,18.19285,78.91380000000001,326.3,1.1,1.1,65.0,309.4,14.25,0.0,3,9,Winter
2019-03-03,21.4342,83.1882,324.0,1.2,1.1,66.0,308.4,14.4,0.0,3,9,Winter
2019-03-04,18.2512,79.8778,326.3,1.1,1.1,64.0,309.2,13.5,0.0,3,10,Winter
2019-03-05,23.86045,92.527,321.4,1.5,1.2,68.0,299.1,20.950000000000003,0.0,3,10,Winter
2019-03-06,18.9406,80.3998,326.8,1.1,1.0,65.0,309.0,14.2,0.0,3,10,Winter
2019-03-07,24.2246,92.54429999999999,323.85,1.1,1.0,71.0,301.1,18.55,0.0,3,10,Winter
2019-03-08,20.5059,81.593,324.1,1.1,1.1,65.0,305.8,13.0,0.0,3,10,Winter
2019-03-09,24.22835,92.92615,326.6,1.1,1.0,74.0,300.8,18.55,0.0,3,10,Winter
2019-03-10,21.958,84.89845,325.4,1.1,1.0,63.0,309.0,13.0,0.0,3,10,Winter
2019-03-11,19.75795,79.64885000000001,324.2,1.1,1.0,65.0,304.9,12.9,0.0,3,11,Winter
2019-03-12,23.9687,90.8545,322.8,1.5,1.2,68.0,300.7,21.8,0.0,3,11,Winter
2019-03-13,21.0928,81.4313,327.2,1.2,1.1,64.0,309.1,15.1,0.0,3,11,Winter
2019-03-14,23.210900000000002,90.38495,324.7,1.2,1.1,70.0,300.0,19.2,0.0,3,11,Winter
2019-03-15,22.5238,86.561,321.9,1.4,1.2,68.0,297.3,20.5,0.0,3,11,Winter
2019-03-16,25.4245,90.2658,326.4,1.1,1.0,69.0,300.4,13.1,0.0,3,11,Winter
2019-03-17,24.123,81.8343,319.5,1.0,1.0,64.0,303.0,10.8,0.0,3,11,Winter
2019-03-18,23.7354,82.0989,323.6,1.3,1.1,64.5,303.4,12.9,0.0,3,12,Winter
2019-03-19,22.7616,84.9243,326.3,1.2,1.1,64.0,308.8,15.2,0.0,3,12,Winter
2019-03-20,22.3157,83.9839,324.5,1.5,1.2,65.0,304.9,16.6,0.0,3,12,
2019-03-21,24.1901,92.16465,323.3,1.4,1.2,69.0,302.0,19.9,0.0,3,12,Spring
2019-03-22,21.4668,80.5283,329.9,1.1,1.0,66.0,310.7,16.7,0.0,3,12,Spring
2019-03-23,24.1062,92.2493,326.45,1.1,1.0,71.0,301.5,17.8,0.0,3,12,Spring
2019-03-24,20.6505,80.65395000000001,329.7,1.1,1.0,63.0,313.25,13.149999999999999,0.0,3,12,Spring
2019-03-25,22.47,79.6109,328.8,1.1,1.1,68.0,310.3,14.5,0.0,3,13,Spring
2019-03-26,22.459600000000002,82.2565,328.6,1.2,1.1,64.0,313.05,15.8,0.0,3,13,Spring
2019-03-27,22.070700000000002,79.88114999999999,331.2,1.2,1.1,66.0,315.4,17.65,0.0,3,13,Spring
2019-03-28,22.759149999999998,81.99119999999999,327.2,1.4,1.2,65.0,310.45,16.9,0.0,3,13,Spring
2019-03-29,22.7426,79.7637,332.8,1.2,1.1,69.0,316.7,17.3,0.0,3,13,Spring
2019-03-30,23.5608,80.9513,326.9,1.4,1.2,66.0,307.9,18.6,0.0,3,13,Spring
2019-03-31,22.8015,80.1757,334.7,1.1,1.0,70.0,318.8,15.4,0.0,3,13,Spring
2019-04-01,23.0036,78.4836,330.6,1.0,1.0,69.0,306.0,15.649999999999999,0.0,4,14,Spring
2019-04-02,22.59715,79.5369,325.1,1.2,1.1,67.0,304.15,12.55,0.0,4,14,Spring
2019-04-03,23.7895,91.91935000000001,328.7,1.2,1.1,72.0,300.8,18.7,0.0,4,14,Spring
2019-04-04,23.6991,86.3956,320.6,1.8,1.3,68.0,298.2,20.6,0.0,4,14,Spring
2019-04-05,22.73525,79.29214999999999,331.3,1.3,1.1,70.0,309.95,20.35,0.0,4,14,Spring
2019-04-06,22.8369,78.2736,318.3,1.2,1.1,71.0,294.6,12.5,0.0,4,14,Spring
2019-04-07,22.79705,78.30595,331.45,1.1,1.0,71.0,307.5,15.7,0.0,4,14,Spring
2019-04-08,22.8407,77.5806,329.6,1.3,1.1,69.0,307.5,19.05,0.0,4,15,Spring
2019-04-09,22.5116,78.3399,326.9,1.2,1.1,68.0,304.0,14.2,0.0,4,15,Spring
2019-04-10,22.7774,78.0376,332.1,1.1,1.0,66.0,311.7,14.0,0.0,4,15,Spring
2019-04-11,22.386049999999997,78.35079999999999,324.15,1.2,1.1,68.0,302.5,12.7,0.0,4,15,Spring
2019-04-12,22.7862,78.08055,331.75,1.2,1.1,68.0,310.0,16.55,0.0,4,15,Spring
2019-04-13,23.5709,82.6368,323.7,1.4,1.2,69.0,302.3,19.2,0.0,4,15,Spring
2019-04-14,23.4599,80.0932,330.5,1.3,1.1,69.0,307.9,21.0,0.0,4,15,Spring
2019-04-15,23.8627,82.7658,328.3,1.4,1.2,70.0,306.7,17.3,0.0,4,16,Spring
2019-04-16,23.39055,82.5571,328.95,1.1,1.1,71.0,307.2,17.15,0.0,4,16,Spring
2019-04-17,25.0733,82.6384,329.5,1.1,1.0,72.0,304.6,17.4,0.0,4,16,Spring
2019-04-18,23.8038,80.9619,332.2,1.1,1.0,71.0,312.0,16.5,0.0,4,16,Spring
2019-04-19,23.7473,78.9661,335.3,1.1,1.1,72.0,316.0,16.2,0.0,4,16,Spring
2019-04-20,23.90785,78.3669,330.0,1.3,1.1,72.0,304.8,19.65,0.0,4,16,Spring
2019-04-21,23.39685,78.84344999999999,333.7,1.2,1.1,71.0,313.65,16.95,0.0,4,16,Spring
2019-04-22,25.3599,81.2276,328.9,1.4,1.2,68.0,310.5,19.9,0.0,4,17,Spring
2019-04-23,24.87975,80.82075,335.35,1.2,1.1,73.0,317.5,19.2,0.0,4,17,Spring
2019-04-24,25.6635,80.0361,331.8,1.3,1.1,68.0,314.1,21.3,0.0,4,17,Spring
2019-04-25,23.9093,80.75075,335.65,1.1,1.1,74.0,318.2,17.45,0.0,4,17,Spring
2019-04-26,24.45955,78.87785,332.35,1.1,1.0,69.0,314.95,13.2,0.0,4,17,Spring
2019-04-27,23.6789,80.5091,328.3,1.2,1.1,69.0,306.4,14.1,0.0,4,17,Spring
2019-04-28,25.247700000000002,79.88825,329.95,1.3,1.1,69.0,303.65,16.75,0.0,4,17,Spring
2019-04-29,23.99485,77.56295,328.8,1.4,1.2,70.0,306.0,16.85,0.0,4,18,Spring
2019-04-30,23.521500000000003,77.3361,336.7,1.1,1.0,74.5,317.25,17.5,0.0,4,18,Spring
2019-05-01,29.6604,75.9658,328.2,1.1,1.1,69.0,308.1,14.4,0.0,5,18,Spring
2019-05-02,21.6593,80.81055,331.4,1.1,1.0,73.0,307.55,16.4,0.0,5,18,Spring
2019-05-03,23.7887,75.96395,330.05,1.2,1.1,71.0,304.8,14.7,0.0,5,18,Spring
2019-05-04,29.3068,76.2932,328.4,1.5,1.2,69.0,306.7,17.7,0.0,5,18,Spring
2019-05-05,29.187849999999997,76.1643,332.3,1.5,1.2,71.0,309.45,20.4,0.0,5,18,Spring
2019-05-06,29.37575,76.53965,326.5,1.5,1.2,70.0,303.5,19.45,0.0,5,19,Spring
2019-05-07,28.86235,76.73595,333.3,1.2,1.1,71.0,310.2,15.8,0.0,5,19,Spring
2019-05-08,29.504199999999997,76.0682,329.05,1.2,1.1,72.0,305.9,14.6,0.0,5,19,Spring
2019-05-09,30.361,75.5633,334.6,1.0,1.0,73.0,312.7,15.3,0.0,5,19,Spring
2019-05-10,30.429,75.3548,333.3,1.1,1.0,71.0,313.6,13.2,0.0,5,19,Spring
2019-05-11,30.6361,75.4737,333.5,1.3,1.1,73.0,313.4,18.2,0.0,5,19,Spring
2019-05-12,29.8031,76.3604,330.4,1.3,1.1,71.0,306.9,15.5,0.0,5,19,Spring
2019-05-13,30.24335,75.6456,328.85,1.6,1.3,71.5,307.05,20.9,0.0,5,20,Spring
2019-05-14,21.35405,78.0304,333.0,1.2,1.1,69.5,308.04999999999995,14.05,0.0,5,20,Spring
2019-05-15,29.9388,76.1734,327.3,1.3,1.1,67.0,304.2,13.4,0.0,5,20,Spring
2019-05-16,29.6702,76.4294,333.0,1.0,1.0,71.0,310.7,13.8,0.0,5,20,Spring
2019-05-17,29.871699999999997,77.24765,325.15,1.1,1.1,71.0,303.0,14.350000000000001,0.0,5,20,Spring
2019-05-18,22.34655,80.53354999999999,332.95,1.1,1.0,71.0,306.2,15.7,0.0,5,20,Spring
2019-05-19,29.9267,76.3295,331.6,1.2,1.1,71.0,310.6,13.9,0.0,5,20,Spring
2019-05-20,30.096049999999998,78.24265,329.6,1.3,1.1,71.0,308.65,17.45,0.0,5,21,Spring
2019-05-21,29.88805,78.3737,327.3,1.1,1.0,69.0,308.35,13.8,0.0,5,21,Spring
2019-05-22,30.3019,78.3247,323.0,1.4,1.2,71.0,303.7,16.0,0.0,5,21,Spring
2019-05-23,30.8628,76.9846,329.6,1.3,1.1,69.0,307.0,18.3,0.0,5,21,Spring
2019-05-24,31.2374,76.2844,317.9,1.1,1.1,72.0,299.1,11.5,0.0,5,21,Spring
2019-05-25,30.9277,76.9821,332.5,1.0,1.0,72.0,314.0,16.9,0.0,5,21,Spring
2019-05-26,30.701050000000002,77.21435,318.9,1.1,1.1,69.0,300.4,11.95,0.0,5,21,Spring
2019-05-27,29.68085,78.72985,327.7,1.1,1.1,68.0,305.15,14.55,0.0,5,22,Spring
2019-05-28,30.848,76.826,324.8,1.2,1.1,68.0,304.0,14.1,0.0,5,22,Spring
2019-05-29,31.7503,76.0618,324.5,1.3,1.1,74.0,301.0,16.7,0.0,5,22,Spring
2019-05-30,29.585,76.8471,330.6,1.3,1.1,69.0,307.2,16.0,0.0,5,22,Spring
2019-05-31,31.469,75.9282,317.4,1.1,1.1,74.0,299.7,11.4,0.0,5,22,Spring
2019-06-01,21.0413,80.16050000000001,329.8,1.2,1.1,63.0,300.29999999999995,14.2,0.0,6,22,Spring
2019-06-02,26.587249999999997,75.94515,332.05,1.0,1.0,70.0,306.8,10.95,0.0,6,22,Spring
2019-06-03,23.72085,81.98085,329.15,1.1,1.0,69.0,303.0,12.1,0.0,6,23,Spring
2019-06-04,23.8326,79.6419,322.0,1.2,1.1,68.0,299.4,13.6,0.0,6,23,Spring
2019-06-05,23.7732,85.1916,320.8,1.1,1.1,71.0,295.6,13.6,2.0,6,23,Spring
2019-06-06,26.6369,86.38255,322.20000000000005,1.0,1.0,68.5,300.05,10.850000000000001,0.0,6,23,Spring
2019-06-07,23.6196,85.18690000000001,325.2,1.1,1.0,64.5,299.95000000000005,13.0,2.0,6,23,Spring
2019-06-08,28.26925,79.31715,314.45000000000005,1.35,1.15,65.0,291.65,11.8,0.0,6,23,Spring
2019-06-09,27.393,92.1027,325.3,1.6,1.2,55.0,297.7,21.4,0.0,6,23,Spring
2019-06-10,22.861,84.5135,322.9,1.2,1.1,47.5,295.25,15.950000000000001,0.0,6,24,Spring
2019-06-11,28.519399999999997,75.56469999999999,323.04999999999995,1.1,1.1,55.0,301.20000000000005,10.2,0.0,6,24,Spring
2019-06-12,23.7792,80.0237,323.5,1.0,1.0,61.0,297.9,10.6,2.0,6,24,Spring
2019-06-13,23.782200000000003,85.69655,310.9,1.0,1.0,71.5,291.75,6.3,2.0,6,24,Spring
2019-06-14,23.2067,82.605,309.2,1.2,1.1,70.0,296.3,9.9,2.0,6,24,Spring
2019-06-15,19.174300000000002,80.54135,326.70000000000005,1.15,1.1,70.5,304.65,14.1,0.0,6,24,Spring
2019-06-16,22.0573,82.7169,310.4,1.1,1.1,68.0,296.7,6.1,2.0,6,24,Spring
2019-06-17,20.9644,83.8516,324.9,1.1,1.0,64.0,303.7,10.3,2.0,6,25,Spring
2019-06-18,21.7639,85.1686,316.1,1.1,1.1,69.0,298.2,10.3,2.0,6,25,Spring
2019-06-19,21.840449999999997,84.89855,326.3,1.05,1.0,61.5,303.2,11.3,2.0,6,25,Spring
2019-06-20,20.951050000000002,78.6576,323.29999999999995,1.25,1.1,60.5,297.5,13.3,0.0,6,25,Spring
2019-06-21,23.776449999999997,86.34440000000001,308.04999999999995,1.05,1.0,59.5,292.4,7.85,2.0,6,25,Summer
2019-06-22,23.747,86.3372,311.1,1.1,1.0,57.0,295.7,9.1,2.0,6,25,Summer
2019-06-23,23.74485,86.39314999999999,317.6,2.25,1.5,44.0,290.6,22.9,0.0,6,25,Summer
2019-06-24,29.964,76.513,329.15,1.2,1.1,71.0,309.0,11.0,0.0,6,26,Summer
2019-06-25,31.099600000000002,76.01335,321.70000000000005,1.25,1.1,64.0,296.0,19.35,0.0,6,26,Summer
2019-06-26,31.07995,75.6365,327.95000000000005,1.0,1.0,63.5,305.9,10.5,0.0,6,26,Summer
2019-06-27,22.0663,88.1142,309.8,1.4,1.2,73.0,289.4,9.5,2.0,6,26,Summer
2019-06-28,20.964599999999997,85.1032,306.45000000000005,1.0,1.0,58.0,289.65,6.300000000000001,2.0,6,26,Summer
2019-06-29,23.7244,85.4199,309.4,1.1,1.0,63.0,291.8,7.5,2.0,6,26,Summer
2019-06-30,22.3381,85.17855,318.4,1.4,1.2,61.0,293.95,12.95,2.0,6,26,Summer
2019-07-01,20.4484,79.6653,317.4,1.6,1.3,47.0,293.4,13.6,0.0,7,27,Summer
2019-07-02,26.15735,73.7442,322.20000000000005,1.2,1.1,58.5,293.4,17.700000000000003,0.0,7,27,Summer
2019-07-04,25.7764,79.4747,314.4,3.4,1.7,19.0,289.6,53.3,0.0,7,27,Summer
2019-07-05,22.3331,78.17765,317.5,1.3,1.1,76.0,294.0,14.75,0.0,7,27,Summer
2019-07-06,20.962,85.1861,305.8,1.0,1.0,66.0,274.8,6.2,2.0,7,27,Summer
2019-07-07,23.699550000000002,85.1887,321.6,1.4,1.2,60.0,296.55,12.600000000000001,2.0,7,27,Summer
2019-07-08,23.025,79.41720000000001,310.2,1.5,1.2000000000000002,59.0,291.0,9.3,1.0,7,28,Summer
2019-07-09,23.7221,86.2071,307.3,1.4,1.2,39.0,283.4,10.1,2.0,7,28,Summer
2019-07-10,23.7781,86.3845,315.1,1.5,1.2,65.0,290.1,12.1,2.0,7,28,Summer
2019-07-11,23.7824,85.12065,306.65,1.65,1.25,60.0,287.5,10.75,2.0,7,28,Summer
2019-07-12,22.3319,85.1895,306.3,1.0,1.0,57.0,286.8,11.6,2.0,7,28,Summer
2019-07-13,23.77335,85.18385,318.35,1.4,1.15,66.0,289.25,16.65,2.0,7,28,Summer
2019-07-14,23.7264,86.3955,320.9,1.1,1.1,62.0,296.6,11.1,2.0,7,28,Summer
2019-07-15,24.1952,80.9271,317.6,1.8,1.3,52.0,294.3,18.2,0.0,7,29,Summer
2019-07-16,27.98545,83.00075,317.9,1.15,1.1,45.0,293.6,9.6,0.0,7,29,Summer
2019-07-17,14.4726,79.78550000000001,322.55,1.6,1.3,31.0,292.95,15.7,0.0,7,29,Summer
2019-07-18,26.841700000000003,78.3545,313.7,1.65,1.25,28.0,290.15,11.45,0.0,7,29,Summer
2019-07-19,25.53005,84.26304999999999,323.05,1.1,1.1,40.5,295.45000000000005,13.5,0.0,7,29,Summer
2019-07-20,26.1041,84.3475,318.6,1.3,1.1,42.0,294.8,13.5,0.0,7,29,Summer
2019-07-21,23.6799,86.09360000000001,315.25,1.0,1.0,43.5,291.6,5.75,2.0,7,29,Summer
2019-07-23,22.77365,76.20505,320.79999999999995,1.5499999999999998,1.25,41.5,294.15,17.950000000000003,0.0,7,30,Summer
2019-07-24,14.626449999999998,78.07405,316.95,1.25,1.1,59.0,296.29999999999995,10.05,0.0,7,30,Summer
2019-07-25,23.769150000000003,86.39115000000001,334.6,1.0,1.0,79.5,299.95000000000005,23.65,2.0,7,30,Summer
2019-07-26,13.1886,80.1355,322.4,1.3,1.1,27.0,291.0,8.7,0.0,7,30,Summer
2019-07-27,21.6494,85.59365,315.5,1.25,1.1,55.5,292.04999999999995,9.1,2.0,7,30,Summer
2019-07-28,11.72975,78.727,323.45,1.1,1.0,72.5,287.9,16.6,0.0,7,30,Summer
2019-07-29,29.4723,76.8789,317.0,1.0,1.0,50.0,298.8,6.4,2.0,7,31,Summer
2019-07-30,14.86935,78.00345,319.35,1.2000000000000002,1.05,67.0,292.6,15.8,1.0,7,31,Summer
2019-08-01,13.9703,79.0781,313.4,1.0,1.0,87.0,292.1,9.4,0.0,8,31,Summer
2019-08-02,13.9601,78.5158,324.4,1.0,1.0,59.0,295.6,9.7,0.0,8,31,Summer
2019-08-03,22.5693,82.97485,302.70000000000005,1.2999999999999998,1.15,34.0,286.0,6.0,2.0,8,31,Summer
2019-08-04,12.1435,78.9886,320.2,1.0,1.0,67.0,293.3,9.7,0.0,8,31,Summer
2019-08-05,21.87625,86.10665,314.15,1.45,1.2,42.0,281.75,12.2,2.0,8,32,Summer
2019-08-06,9.450700000000001,77.80725000000001,332.5,1.55,1.25,78.0,303.70000000000005,31.8,0.0,8,32,Summer
2019-08-07,23.7969,86.393,314.6,1.0,1.0,58.0,291.9,10.5,2.0,8,32,Summer
2019-08-08,20.9643,82.7165,320.5,1.2,1.1,61.0,292.9,16.1,2.0,8,32,Summer
2019-08-09,24.2021,82.7308,312.0,1.5,1.2,43.0,292.6,10.5,2.0,8,32,Summer
2019-08-10,25.3099,84.6546,321.5,1.4,1.2,38.0,293.8,13.6,0.0,8,32,Summer
2019-08-11,22.5662,85.176,304.2,1.8,1.3,33.0,282.0,9.1,2.0,8,32,Summer
2019-08-12,23.77635,86.39189999999999,300.4,1.8,1.3,9.0,273.55,8.05,2.0,8,33,Summer
2019-08-13,23.7258,85.1744,315.4,1.1,1.0,42.0,289.4,7.0,2.0,8,33,Summer
2019-08-14,23.7759,86.3854,314.5,1.5,1.2,40.0,292.9,10.2,2.0,8,33,Summer
2019-08-15,24.2027,82.7163,315.0,1.1,1.0,30.0,291.3,7.2,2.0,8,33,Summer
2019-08-16,20.9652,85.252,312.8,1.1,1.1,76.0,292.2,9.3,2.0,8,33,Summer
2019-08-17,24.203400000000002,82.71955,318.8,1.6,1.2,48.5,295.20000000000005,15.950000000000001,2.0,8,33,Summer
2019-08-18,23.775100000000002,86.38839999999999,309.70000000000005,1.3,1.1,59.5,288.35,10.95,2.0,8,33,Summer
2019-08-19,27.8767,79.0116,314.0,2.2,1.4,42.0,292.6,16.9,0.0,8,34,Summer
2019-08-20,10.9445,78.2284,321.1,1.2,1.1,71.0,290.4,12.6,0.0,8,34,Summer
2019-08-21,28.55875,76.96315,317.5,1.1,1.1,49.5,295.04999999999995,8.35,2.0,8,34,Summer
2019-08-22,23.7224,86.2081,306.4,1.1,1.1,64.0,290.6,6.2,2.0,8,34,Summer
2019-08-23,20.9568,85.1778,304.9,1.0,1.0,61.0,282.6,5.4,2.0,8,34,Summer
2019-08-25,15.1772,76.662,305.6,1.1,1.1,65.0,285.1,8.2,2.0,8,34,Summer
2019-08-26,23.772350000000003,86.27645,323.4,1.05,1.05,58.5,295.05,12.0,2.0,8,35,Summer
2019-08-27,26.13865,80.67375,314.9,1.2999999999999998,1.15,42.0,296.0,8.9,1.0,8,35,Summer
2019-08-28,23.2725,83.46090000000001,308.20000000000005,1.05,1.05,57.5,290.0,4.75,1.0,8,35,Summer
2019-08-29,23.77635,86.36375000000001,314.1,1.15,1.05,52.0,292.85,7.35,2.0,8,35,Summer
2019-08-30,17.9767,79.7046,311.2,1.4,1.2,31.0,288.5,15.1,0.0,8,35,Summer
2019-08-31,23.7728,86.35315,309.7,1.0,1.0,48.0,292.8,6.85,2.0,8,35,Summer
2019-09-01,23.778950000000002,86.39515,304.1,1.0,1.0,34.5,278.6,5.05,2.0,9,35,Summer
2019-09-02,20.9616,85.1757,315.8,1.0,1.0,38.0,292.1,8.4,2.0,9,36,Summer
2019-09-03,16.08875,78.8947,313.25,1.0,1.0,58.5,291.6,9.5,2.0,9,36,Summer
2019-09-04,16.44885,77.21465,314.1,3.1,1.7,31.0,292.6,38.400000000000006,0.0,9,36,Summer
2019-09-05,9.7003,78.1004,309.7,1.2,1.1,57.0,291.8,8.7,2.0,9,36,Summer
2019-09-06,23.77695,85.6215,313.75,1.3,1.1,48.5,292.2,9.5,2.0,9,36,Summer
2019-09-07,23.83865,82.96575,302.35,1.05,1.0,35.5,290.1,4.6,2.0,9,36,Summer
2019-09-08,23.2286,85.09245,309.0,1.0,1.0,65.0,292.5,6.0,2.0,9,36,Summer
2019-09-09,20.95995,84.09905,315.1,1.15,1.1,51.5,295.45,8.85,2.0,9,37,Summer
2019-09-10,19.416649999999997,80.0672,316.04999999999995,2.0,1.4,34.0,294.65,17.950000000000003,0.0,9,37,Summer
2019-09-11,21.10955,80.46600000000001,311.2,1.55,1.2,36.5,294.04999999999995,11.7,2.0,9,37,Summer
2019-09-12,20.9576,83.80145,318.45,1.1,1.0,61.5,298.45,10.2,2.0,9,37,Summer
2019-09-13,19.06815,80.51705000000001,313.20000000000005,2.9000000000000004,1.65,44.5,293.25,24.95,2.0,9,37,Summer
2019-09-14,21.7658,83.8477,318.6,1.0,1.0,54.0,298.3,9.8,2.0,9,37,Summer
2019-09-15,18.40605,79.1835,318.7,1.5,1.2000000000000002,46.5,298.6,19.95,0.0,9,37,Summer
2019-09-16,22.2632,85.1807,312.9,1.0,1.0,62.0,292.7,9.4,2.0,9,38,Summer
2019-09-17,22.39685,85.26115,312.55,1.1,1.1,62.5,295.25,8.85,2.0,9,38,Summer
2019-09-18,23.2434,85.63515000000001,315.85,1.2,1.1,63.5,294.95,10.5,2.0,9,38,Summer
2019-09-19,21.82405,82.7058,314.5,1.2,1.1,52.5,291.8,8.3,2.0,9,38,Summer
2019-09-20,23.0968,71.0568,322.2,1.0,1.0,60.0,303.9,7.7,0.0,9,38,Summer
2019-09-21,22.2107,77.1511,316.8,1.1,1.1,65.0,298.8,8.5,0.0,9,38,Summer
2019-09-22,21.9222,85.184,306.0,1.1,1.1,63.0,293.2,5.9,2.0,9,38,Summer
2019-09-23,22.2098,85.255,316.1,1.1,1.0,55.0,295.6,7.6,2.0,9,39,Fall
2019-09-24,23.70065,85.2218,313.05,1.15,1.1,45.5,294.85,10.65,2.0,9,39,Fall
2019-09-25,20.9655,85.2552,315.0,1.3,1.1,51.0,294.1,9.6,2.0,9,39,Fall
2019-09-26,20.3783,81.6529,316.1,1.2,1.1,40.0,298.8,10.8,0.0,9,39,Fall
2019-09-27,20.9618,85.1651,314.5,1.2,1.1,54.0,294.7,11.6,2.0,9,39,Fall
2019-09-28,20.9672,85.17615,316.9,1.3,1.1,53.5,298.9,11.15,2.0,9,39,Fall
2019-09-29,20.9668,85.0486,314.4,1.4,1.2,58.0,296.6,12.4,2.0,9,39,Fall
2019-09-30,22.0681,84.617,319.4,1.1,1.0,56.0,303.7,10.649999999999999,2.0,9,40,Fall
2019-10-01,20.96085,84.50434999999999,315.0,1.2,1.1,55.0,297.5,15.8,2.0,10,40,Fall
2019-10-02,21.198,85.1778,319.2,1.1,1.0,65.0,301.2,10.2,2.0,10,40,Fall
2019-10-03,20.961399999999998,85.17609999999999,316.6,1.2999999999999998,1.15,61.0,299.79999999999995,15.15,2.0,10,40,Fall
2019-10-04,21.18675,85.1885,318.7,1.2,1.1,55.0,301.6,12.7,2.0,10,40,Fall
2019-10-05,22.3274,80.6775,318.4,1.3,1.1,64.0,301.9,11.8,0.0,10,40,Fall
2019-10-06,22.06575,85.175,316.15,1.5499999999999998,1.25,62.5,299.65,14.75,2.0,10,40,Fall
2019-10-07,29.92785,76.69059999999999,317.95,1.1,1.0,63.5,303.1,8.3,0.0,10,41,Fall
2019-10-08,22.0694,81.61445,316.0,1.35,1.15,60.5,301.4,13.95,2.0,10,41,Fall
2019-10-09,29.5196,77.0916,316.4,1.1,1.0,60.0,301.0,8.2,0.0,10,41,Fall
2019-10-10,29.95,77.0178,315.6,1.0,1.0,62.0,297.9,7.1,0.0,10,41,Fall
2019-10-11,28.2024,79.7158,313.8,1.1,1.1,58.0,298.9,6.4,0.0,10,41,Fall
2019-10-12,11.0551,78.1031,324.3,1.1,1.0,67.0,304.1,10.5,0.0,10,41,Fall
2019-10-13,23.7866,79.93945,312.79999999999995,1.95,1.4,54.0,298.5,12.1,0.0,10,41,Fall
2019-10-14,29.8389,76.27674999999999,317.35,1.2,1.1,61.0,301.65,9.5,0.0,10,42,Fall
2019-10-15,25.4378,80.6617,315.3,1.2,1.1,65.0,301.9,10.5,0.0,10,42,Fall
2019-10-16,29.7507,76.4115,317.4,1.0,1.0,66.0,300.0,8.9,0.0,10,42,Fall
2019-10-17,29.767000000000003,76.70670000000001,314.0,1.0,1.0,63.0,299.2,7.95,0.0,10,42,Fall
2019-10-18,29.8532,76.5905,317.2,1.2,1.1,64.0,301.9,9.2,0.0,10,42,Fall
2019-10-19,29.88395,76.59655000000001,316.15,1.7,1.3,60.0,301.1,15.55,0.0,10,42,Fall
2019-10-20,30.0591,76.0744,314.85,1.8,1.3,62.0,302.0,15.2,0.0,10,42,Fall
2019-10-21,30.4051,75.1941,317.2,1.3,1.1,63.0,302.4,11.4,0.0,10,43,Fall
2019-10-22,29.87545,76.2045,314.25,1.5,1.2,63.0,300.7,15.850000000000001,0.0,10,43,Fall
2019-10-23,30.29955,75.2303,317.95,1.0,1.0,65.0,302.0,8.8,0.0,10,43,Fall
2019-10-24,29.9493,75.0934,314.3,1.0,1.0,63.0,300.1,8.5,0.0,10,43,Fall
2019-10-25,30.3425,75.3445,317.6,1.1,1.0,64.0,302.3,9.2,0.0,10,43,Fall
2019-10-26,30.4259,74.9921,315.0,2.3,1.5,60.0,298.1,18.8,0.0,10,43,Fall
2019-10-27,30.2898,75.7671,316.1,1.5,1.2,63.0,300.8,13.1,0.0,10,43,Fall
2019-10-28,30.3602,75.1928,317.2,1.6,1.2,61.0,300.8,15.0,0.0,10,44,Fall
2019-10-29,30.0696,75.9799,314.5,2.2,1.4,63.0,299.8,18.0,0.0,10,44,Fall
2019-10-30,30.4021,75.1733,318.0,1.1,1.0,63.0,300.5,10.1,0.0,10,44,Fall
2019-10-31,29.9596,75.7684,314.9,1.1,1.1,63.0,300.2,9.6,0.0,10,44,Fall
2019-11-01,30.418,75.1897,320.1,1.0,1.0,67.0,300.2,10.7,0.0,11,44,Fall
2019-11-02,30.1936,75.51599999999999,313.6,1.1,1.0,62.0,296.4,9.1,0.0,11,44,Fall
2019-11-03,30.08515,75.43084999999999,315.95,1.3,1.1,59.5,296.6,11.5,0.0,11,44,Fall
2019-11-04,30.171,74.9525,314.1,1.9,1.3,56.0,296.3,17.0,0.0,11,45,Fall
2019-11-05,30.3044,75.55799999999999,314.15,2.0,1.4,60.0,298.2,16.1,0.0,11,45,Fall
2019-11-06,30.3611,75.2498,318.7,1.3,1.1,64.0,301.4,13.8,0.0,11,45,Fall
2019-11-07,30.2366,75.40635,315.3,1.4,1.2,65.0,301.2,20.55,0.0,11,45,Fall
2019-11-08,30.3707,75.2972,319.0,1.0,1.0,63.0,300.6,9.7,0.0,11,45,Fall
2019-11-09,30.029200000000003,75.60775000000001,312.45,1.2,1.1,60.0,297.75,10.350000000000001,0.0,11,45,Fall
2019-11-10,30.2711,75.4485,317.8,1.1,1.0,63.0,298.7,10.3,0.0,11,45,Fall
2019-11-11,29.0807,75.8908,315.9,2.3,1.5,58.0,296.9,19.4,0.0,11,46,Fall
2019-11-12,30.0946,75.7279,317.1,1.6,1.2,63.0,299.5,14.3,0.0,11,46,Fall
2019-11-13,29.7177,76.0213,317.0,1.7,1.3,64.0,298.9,14.2,0.0,11,46,Fall
2019-11-14,27.2832,76.1822,313.5,1.7,1.3,62.0,297.7,14.8,0.0,11,46,Fall
2019-11-15,30.3934,75.19380000000001,318.5,1.1,1.0,66.0,300.6,10.05,0.0,11,46,Fall
2019-11-16,29.7633,75.77600000000001,312.9,1.15,1.1,61.5,295.2,10.85,0.0,11,46,Fall
2019-11-17,30.0659,75.3544,317.9,1.0,1.0,65.0,301.5,9.0,0.0,11,46,Fall
2019-11-18,29.4959,75.5401,314.3,1.1,1.1,60.0,298.1,11.3,0.0,11,47,Fall
2019-11-19,30.405900000000003,75.35525,315.7,1.3,1.1,64.0,300.0,11.0,0.0,11,47,Fall
2019-11-20,30.209049999999998,74.83895000000001,315.75,1.8,1.3,64.0,300.7,16.35,0.0,11,47,Fall
2019-11-21,28.3241,75.7692,316.3,1.8,1.3,65.0,303.0,15.5,0.0,11,47,Fall
2019-11-22,29.5703,75.1775,318.5,1.2,1.1,66.0,303.3,10.7,0.0,11,47,Fall
2019-11-23,26.9109,79.86245,313.7,1.3,1.1,63.5,300.35,11.7,0.0,11,47,Fall
2019-11-24,29.5103,75.3883,317.1,1.0,1.0,64.0,302.9,8.9,0.0,11,47,Fall
2019-11-25,22.789,77.4222,315.5,1.2,1.1,57.0,302.2,11.4,0.0,11,48,Fall
2019-11-26,23.7767,79.2408,315.5,1.1,1.0,62.0,302.3,8.0,0.0,11,48,Fall
2019-11-27,20.9591,78.7079,314.5,1.1,1.1,61.0,299.2,10.2,0.0,11,48,Fall
2019-11-28,21.945500000000003,81.2833,314.20000000000005,1.1,1.0,63.0,298.85,8.350000000000001,0.0,11,48,Fall
2019-11-29,20.7903,77.3632,316.3,1.1,1.1,60.0,301.5,9.7,0.0,11,48,Fall
2019-11-30,24.4448,83.4482,311.0,1.1,1.1,60.0,297.1,9.9,0.0,11,48,Fall
2019-12-01,21.2112,79.6337,312.8,1.1,1.0,60.0,298.2,8.5,0.0,12,48,Fall
2019-12-02,25.2045,81.8706,311.85,1.3,1.1,60.5,297.7,10.1,0.0,12,49,Fall
2019-12-03,22.79655,79.74154999999999,311.95,1.1,1.1,61.0,296.9,8.25,0.0,12,49,Fall
2019-12-04,23.77165,86.12254999999999,310.55,1.15,1.1,55.0,295.8,9.4,0.0,12,49,Fall
2019-12-05,24.3275,81.15715,311.15,1.1,1.0,64.5,295.79999999999995,8.55,0.0,12,49,Fall
2019-12-06,21.0823,77.6493,312.0,1.1,1.0,59.0,296.3,9.7,0.0,12,49,Fall
2019-12-07,23.75415,83.84970000000001,310.6,1.1,1.0,60.0,296.65,7.9,0.0,12,49,Fall
2019-12-08,21.11485,81.1108,312.85,1.1,1.0,60.5,297.85,9.25,0.0,12,49,Fall
2019-12-09,23.432,84.6224,311.9,1.1,1.1,60.0,299.3,7.5,0.0,12,50,Fall
2019-12-10,21.7485,80.6337,310.4,1.1,1.1,56.0,296.0,8.3,0.0,12,50,Fall
2019-12-11,21.4025,77.5944,312.9,1.2,1.1,57.0,298.5,9.9,0.0,12,50,Fall
2019-12-12,20.9552,81.0138,310.9,1.1,1.0,58.0,296.4,8.1,0.0,12,50,Fall
2019-12-13,23.2433,79.607,313.1,1.1,1.0,61.0,298.0,9.0,0.0,12,50,Fall
2019-12-14,23.5854,83.51955000000001,311.1,1.1,1.0,59.0,297.4,7.55,0.0,12,50,Fall
2019-12-15,20.9763,79.5823,313.1,1.1,1.1,60.0,297.5,10.0,0.0,12,50,Fall
2019-12-16,25.2986,83.88985,311.65,1.0,1.0,57.5,298.75,6.9,0.0,12,51,Fall
2019-12-17,27.0694,76.0056,315.45,1.1,1.0,62.0,299.65,8.75,0.0,12,51,Fall
2019-12-18,21.23115,75.25399999999999,312.1,1.3,1.1,58.0,293.5,10.9,0.0,12,51,Fall
2019-12-19,22.9789,77.4549,309.8,1.2,1.1,57.0,295.5,9.1,0.0,12,51,Fall
2019-12-20,20.96255,75.42859999999999,313.5,1.1,1.0,59.5,299.9,9.0,0.0,12,51,Fall
2019-12-21,22.556199999999997,80.2473,309.4,1.1,1.05,61.0,295.79999999999995,7.9,0.0,12,51,Winter
2019-12-22,19.5709,78.1238,314.9,1.1,1.0,56.0,298.0,9.2,0.0,12,51,Winter
2019-12-23,22.1312,83.5546,311.5,1.2,1.1,61.0,298.45,8.149999999999999,0.0,12,52,Winter
2019-12-24,21.61035,77.95095,314.25,1.15,1.1,60.0,298.75,10.25,0.0,12,52,Winter
2019-12-25,22.8976,84.2802,310.5,1.2,1.1,60.0,297.8,9.1,0.0,12,52,Winter
2019-12-26,21.22965,79.68095,312.55,1.1,1.1,60.5,297.75,8.9,0.0,12,52,Winter
2019-12-27,23.47335,85.1772,310.1,1.2,1.1,59.0,295.75,8.4,0.0,12,52,Winter
2019-12-28,21.9158,82.0318,311.2,1.1,1.1,63.0,296.4,8.4,0.0,12,52,Winter
2019-12-29,21.6458,78.037,311.7,1.1,1.1,62.0,296.7,10.3,0.0,12,52,Winter
2019-12-30,21.76695,82.46260000000001,310.75,1.0,1.0,62.0,297.8,7.65,0.0,12,1,Winter
2019-12-31,21.6969,78.6138,313.1,1.1,1.1,61.0,297.5,9.4,0.0,12,1,Winter
2020-01-01,21.70625,83.2154,312.0,1.3,1.1,61.0,299.45,9.649999999999999,0.0,1,1,Winter
2020-01-02,21.09225,77.6892,315.4,1.2,1.1,61.5,299.15,10.55,0.0,1,1,Winter
2020-01-03,25.2309,86.64365000000001,311.79999999999995,1.55,1.2,62.0,295.15,14.85,0.0,1,1,Winter
2020-01-04,18.9662,80.00405,315.15,1.3,1.1,62.0,300.75,11.2,0.0,1,1,Winter
2020-01-05,23.6691,86.43815000000001,312.9,1.2,1.1,62.0,296.55,10.7,0.0,1,1,Winter
2020-01-06,21.2067,82.4148,313.7,1.1,1.0,63.0,300.5,8.5,0.0,1,2,Winter
2020-01-07,23.43205,85.18385,314.7,1.0,1.0,63.0,299.0,9.25,0.0,1,2,Winter
2020-01-08,21.8119,83.3598,312.1,1.1,1.1,63.0,297.3,9.9,0.0,1,2,Winter
2020-01-09,19.52675,78.5419,316.4,1.1,1.05,61.0,301.75,9.75,0.0,1,2,Winter
2020-01-10,21.6845,83.7445,312.3,1.5,1.2,60.0,298.8,12.1,0.0,1,2,Winter
2020-01-11,20.9701,79.3627,313.3,1.2,1.1,58.0,298.5,9.8,0.0,1,2,Winter
2020-01-12,25.1736,86.7148,311.1,1.3,1.1,60.0,295.3,9.9,0.0,1,2,Winter
2020-01-13,21.3643,79.80494999999999,311.35,1.1,1.05,60.0,296.25,7.85,0.0,1,3,Winter
2020-01-14,25.6757,80.5081,312.1,1.1,1.1,61.0,295.3,9.5,0.0,1,3,Winter
2020-01-15,21.2326,82.5996,313.3,1.1,1.0,62.0,299.4,8.7,0.0,1,3,Winter
2020-01-16,19.6712,78.67564999999999,317.1,1.1,1.0,60.0,300.65,9.55,0.0,1,3,Winter
2020-01-17,21.9762,83.5059,314.2,1.2,1.1,62.0,298.8,12.5,0.0,1,3,Winter
2020-01-18,21.64375,79.37735,315.65,1.2,1.1,62.0,298.65,11.3,0.0,1,3,Winter
2020-01-19,25.27955,85.30330000000001,313.2,1.6,1.2,63.0,297.29999999999995,14.3,0.0,1,3,Winter
2020-01-20,21.7446,79.00285,317.79999999999995,1.2,1.1,63.0,301.7,12.649999999999999,0.0,1,4,Winter
2020-01-21,24.5321,86.39715,315.2,1.1,1.1,63.0,298.7,10.649999999999999,0.0,1,4,Winter
2020-01-22,21.22285,82.4701,315.6,1.1,1.0,64.0,297.9,10.0,0.0,1,4,Winter
2020-01-23,22.89885,85.93185,315.4,1.1,1.0,62.0,298.55,9.05,0.0,1,4,Winter
2020-01-24,21.2296,82.3802,314.8,1.2,1.1,64.0,296.2,10.3,0.0,1,4,Winter
2020-01-25,23.4129,86.2071,316.7,1.1,1.0,67.0,298.2,12.2,0.0,1,4,Winter
2020-01-26,24.066499999999998,85.5255,311.45000000000005,1.9,1.3,60.0,294.25,18.6,0.0,1,4,Winter
2020-01-27,21.44425,77.1733,314.6,1.1,1.1,60.5,296.75,10.6,0.0,1,5,Winter
2020-01-28,21.9394,76.1094,312.5,1.1,1.1,61.0,297.3,9.1,0.0,1,5,Winter
2020-01-29,22.16845,78.27695,310.85,1.1,1.0,64.0,294.35,8.95,0.0,1,5,Winter
2020-01-30,19.34945,77.08099999999999,316.6,1.1,1.1,60.0,302.05,9.9,0.0,1,5,Winter
2020-01-31,20.956049999999998,81.52584999999999,312.85,1.1,1.0,62.0,294.9,8.7,0.0,1,5,Winter
2020-02-01,21.5502,79.3744,316.5,1.1,1.1,62.0,299.8,9.8,0.0,2,5,Winter
2020-02-02,23.77545,84.8999,314.4,1.2,1.1,63.5,298.25,12.3,0.0,2,5,Winter
2020-02-03,20.9623,78.9573,316.2,1.2,1.1,61.0,300.45,10.8,0.0,2,6,Winter
2020-02-04,23.86985,86.4298,316.75,1.4,1.2,66.0,297.6,15.15,0.0,2,6,Winter
2020-02-05,21.9229,79.2614,315.6,1.2,1.1,61.0,300.0,11.3,0.0,2,6,Winter
2020-02-06,24.1025,85.1782,316.1,1.1,1.1,63.0,297.4,10.9,0.0,2,6,Winter
2020-02-07,19.2208,80.6634,313.95,1.1,1.0,64.0,293.45,10.05,0.0,2,6,Winter
2020-02-08,23.522,85.1799,318.3,1.1,1.0,64.0,299.4,10.6,0.0,2,6,Winter
2020-02-09,20.96105,78.9494,309.6,1.2,1.1,55.0,294.4,9.7,0.0,2,6,Winter
2020-02-10,20.1314,78.1214,319.2,1.1,1.1,58.0,302.9,10.3,0.0,2,7,Winter
2020-02-11,21.8867,85.2568,314.0,1.5,1.2,62.0,298.5,11.8,0.0,2,7,Winter
2020-02-12,18.95615,77.79310000000001,320.3,1.1,1.1,63.0,303.25,12.9,0.0,2,7,Winter
2020-02-13,23.7506,87.0033,316.65,1.3,1.1,62.0,299.4,12.3,0.0,2,7,Winter
2020-02-14,21.5751,82.2241,319.9,1.2,1.1,69.0,299.7,15.3,0.0,2,7,Winter
2020-02-15,22.60985,90.74090000000001,321.15,1.1,1.0,66.5,301.0,12.95,0.0,2,7,Winter
2020-02-16,18.9571,79.3335,313.9,1.2,1.1,67.0,292.2,11.9,0.0,2,7,Winter
2020-02-17,16.94625,76.08279999999999,325.05,1.1,1.0,63.5,307.85,12.8,0.0,2,8,Winter
2020-02-18,20.9676,81.41565,314.05,1.25,1.1,61.5,294.85,10.649999999999999,0.0,2,8,Winter
2020-02-19,19.5753,77.8523,323.7,1.1,1.1,63.0,304.6,13.25,0.0,2,8,Winter
2020-02-20,22.07405,85.18525,317.75,1.4,1.2,62.0,297.95,14.15,0.0,2,8,Winter
2020-02-21,17.25815,78.2017,325.6,1.2,1.1,64.0,308.15,12.95,0.0,2,8,Winter
2020-02-22,18.61155,78.67150000000001,323.4,1.2,1.1,64.0,305.9,19.6,0.0,2,8,Winter
2020-02-23,15.52545,78.65675,323.0,1.4,1.2,66.5,303.35,18.2,0.0,2,8,Winter
2020-02-24,15.7548,78.1766,327.2,1.2,1.1,66.0,308.8,16.3,0.0,2,9,Winter
2020-02-25,17.7783,78.8407,320.6,1.2,1.1,63.0,303.5,12.3,0.0,2,9,Winter
2020-02-26,17.7513,78.6567,325.9,1.1,1.0,64.0,308.3,12.9,0.0,2,9,Winter
2020-02-27,19.2495,77.1623,308.6,1.4,1.2,57.0,293.6,11.5,0.0,2,9,Winter
2020-02-28,18.59535,77.6255,326.9,1.1,1.0,63.0,308.5,12.350000000000001,0.0,2,9,Winter
2020-03-01,22.02925,77.0119,317.95,1.3,1.1,59.5,302.20000000000005,12.45,0.0,3,9,Winter
2020-03-02,19.3841,78.6279,317.0,1.1,1.0,62.0,298.6,10.3,0.0,3,10,Winter
2020-03-03,18.9294,78.5858,323.1,1.1,1.0,60.0,303.1,10.5,0.0,3,10,Winter
2020-03-04,19.0315,79.1869,313.6,1.1,1.0,63.0,294.9,8.6,0.0,3,10,Winter
2020-03-05,18.7055,78.96775,326.15,1.1,1.1,67.0,307.25,15.45,0.0,3,10,Winter
2020-03-06,22.2073,83.187,320.1,1.3,1.1,64.0,302.3,14.2,0.0,3,10,Winter
2020-03-07,17.1065,78.6551,328.5,1.1,1.0,66.0,309.7,14.5,0.0,3,10,Winter
2020-03-08,23.4889,87.12415,319.35,1.4,1.2,64.0,300.3,15.4,0.0,3,10,Winter
2020-03-09,20.3497,80.6188,325.2,1.2,1.1,65.0,305.4,15.6,0.0,3,11,Winter
2020-03-10,25.1687,86.39405,318.79999999999995,1.0,1.0,62.0,297.65,11.45,0.0,3,11,Winter
2020-03-11,21.65675,82.55385000000001,320.65,1.1,1.0,66.0,297.75,13.649999999999999,0.0,3,11,Winter
2020-03-12,25.252299999999998,92.33025,323.9,1.1,1.0,70.0,300.05,16.55,0.0,3,11,Winter
2020-03-13,24.828049999999998,90.5852,321.2,1.5,1.2,67.0,298.4,22.25,0.0,3,11,Winter
2020-03-14,23.84695,91.40965,325.6,1.4,1.2,68.0,299.45,19.5,0.0,3,11,Winter
2020-03-15,23.5541,92.3622,326.3,1.7,1.3,72.0,299.8,36.4,0.0,3,11,Winter
2020-03-16,24.16795,91.74879999999999,327.3,1.7,1.3,69.0,299.15,25.9,0.0,3,12,Winter
2020-03-17,25.3619,91.9195,322.5,1.2,1.1,67.0,301.9,16.2,0.0,3,12,Winter
2020-03-18,19.1014,80.2861,327.0,1.1,1.0,66.0,307.7,12.9,0.0,3,12,Winter
2020-03-19,22.98845,92.6188,329.6,1.0,1.0,76.0,300.45,21.6,0.0,3,12,Winter
2020-03-20,23.001,85.4222,323.9,1.4,1.2,69.0,300.2,19.4,0.0,3,12,
2020-03-21,23.1541,92.41534999999999,330.35,1.3,1.1,71.0,300.65,19.85,0.0,3,12,Spring
2020-03-22,23.3801,90.39895,323.8,1.8,1.3,71.0,297.3,26.5,0.0,3,12,Spring
2020-03-23,23.1416,87.2454,328.2,1.8,1.3,69.0,298.8,22.0,0.0,3,13,Spring
2020-03-24,23.4146,90.8129,325.0,1.3,1.1,68.0,305.4,15.8,0.0,3,13,Spring
2020-03-25,22.2163,82.3596,328.9,1.3,1.1,66.0,305.9,20.0,0.0,3,13,Spring
2020-03-26,23.8748,92.59440000000001,328.55,1.0,1.0,75.0,304.4,19.9,0.0,3,13,Spring
2020-03-27,19.7299,80.823,328.1,1.1,1.0,66.0,306.9,13.3,0.0,3,13,Spring
2020-03-28,23.1235,92.3925,331.2,1.1,1.1,75.0,302.7,19.7,0.0,3,13,Spring
2020-03-29,22.8612,84.1541,325.8,1.4,1.2,66.0,302.0,21.5,0.0,3,13,Spring
2020-03-30,23.608,91.8937,330.7,1.4,1.2,73.0,300.5,25.3,0.0,3,14,Spring
2020-03-31,22.16275,79.23785,322.9,1.3,1.1,69.0,301.3,15.85,0.0,3,14,Spring
2020-04-01,19.6421,79.2543,332.4,1.2,1.1,67.0,311.29999999999995,16.85,0.0,4,14,Spring
2020-04-02,22.5073,77.3843,327.35,1.5,1.2,66.0,305.45,18.4,0.0,4,14,Spring
2020-04-03,22.2526,79.8752,332.3,1.1,1.0,67.0,313.8,13.55,0.0,4,14,Spring
2020-04-04,22.5507,77.6384,328.9,1.2,1.1,66.0,309.8,14.2,0.0,4,14,Spring
2020-04-05,22.28265,80.49680000000001,327.9,1.1,1.1,67.0,307.4,13.05,0.0,4,14,Spring
2020-04-06,22.4862,78.4634,332.2,1.1,1.1,68.0,311.4,15.4,0.0,4,15,Spring
2020-04-07,21.2541,79.5133,324.2,1.2,1.1,67.0,302.7,13.3,0.0,4,15,Spring
2020-04-08,21.4382,77.8099,332.0,1.1,1.1,69.0,309.8,17.1,0.0,4,15,Spring
2020-04-09,22.589,77.6704,318.2,1.4,1.2,69.0,300.1,15.3,0.0,4,15,Spring
2020-04-10,21.4414,79.3096,334.3,1.1,1.0,69.0,312.2,17.3,0.0,4,15,Spring
2020-04-11,22.8446,77.6138,331.2,1.2,1.1,69.0,308.4,17.0,0.0,4,15,Spring
2020-04-12,21.027549999999998,80.8194,331.15,1.1,1.1,67.0,310.2,14.8,0.0,4,15,Spring
2020-04-13,23.93215,91.18975,328.5,1.1,1.0,71.0,301.45,16.2,0.0,4,16,Spring
2020-04-14,22.8256,79.3132,327.6,1.1,1.0,69.0,307.3,15.6,0.0,4,16,Spring
2020-04-15,22.8481,80.9991,331.1,1.2,1.1,69.0,308.6,18.2,0.0,4,16,Spring
2020-04-16,22.67655,87.132,324.8,1.7,1.3,67.5,300.8,23.55,0.0,4,16,Spring
2020-04-17,19.2442,81.82645,330.0,1.2,1.1,65.0,310.25,16.45,0.0,4,16,Spring
2020-04-18,23.77185,82.8407,325.6,1.4,1.2,69.0,302.1,19.65,0.0,4,16,Spring
2020-04-19,23.57295,82.54195,330.1,1.4,1.2,69.0,306.25,20.25,0.0,4,16,Spring
2020-04-20,24.9743,82.507,331.6,1.1,1.0,71.0,308.7,19.2,0.0,4,17,Spring
2020-04-21,25.1323,82.68295,328.9,1.4,1.2,68.0,307.85,21.9,0.0,4,17,Spring
2020-04-22,23.87825,79.4784,333.4,1.1,1.0,71.0,312.85,15.2,0.0,4,17,Spring
2020-04-23,24.3795,80.4745,325.0,1.4,1.2,69.0,300.5,18.8,0.0,4,17,Spring
2020-04-24,25.2498,82.9401,330.7,1.4,1.2,71.0,304.3,20.1,0.0,4,17,Spring
2020-04-25,25.06545,83.3007,324.6,1.5,1.2,68.0,301.5,19.1,0.0,4,17,Spring
2020-04-26,24.84255,80.878,334.6,1.2,1.1,73.0,311.85,18.55,0.0,4,17,Spring
2020-04-27,26.148,82.8247,328.6,1.3,1.1,74.0,307.4,18.4,0.0,4,18,Spring
2020-04-28,25.24355,82.37514999999999,335.6,1.2,1.1,74.0,317.3,19.9,0.0,4,18,Spring
2020-04-29,24.9125,78.93745,335.0,1.2,1.1,75.0,316.4,19.35,0.0,4,18,Spring
2020-04-30,24.755200000000002,79.19375,332.75,1.1,1.1,74.0,310.3,18.25,0.0,4,18,Spring
2020-05-01,25.0257,79.4262,334.5,1.3,1.1,71.0,314.6,17.5,0.0,5,18,Spring
2020-05-02,25.5058,78.54544999999999,316.75,1.2,1.1,70.0,297.95000000000005,12.9,0.0,5,18,Spring
2020-05-03,25.1804,77.2478,333.9,1.1,1.1,74.0,311.05,18.65,0.0,5,18,Spring
2020-05-04,29.0041,76.5524,331.0,1.1,1.0,71.0,312.0,14.6,0.0,5,19,Spring
2020-05-05,25.9557,79.9243,334.5,1.1,1.0,73.0,314.9,18.1,0.0,5,19,Spring
2020-05-06,27.3935,76.8246,334.3,1.2,1.1,72.0,317.7,17.9,0.0,5,19,Spring
2020-05-07,27.0183,79.2831,334.3,1.3,1.1,73.0,317.25,19.55,0.0,5,19,Spring
2020-05-08,28.857300000000002,77.03815,333.6,1.4,1.2,71.0,315.05,20.8,0.0,5,19,Spring
2020-05-09,29.6972,76.2607,331.5,1.4,1.2,73.0,314.0,20.9,0.0,5,19,Spring
2020-05-10,29.064,76.727,335.1,1.2,1.1,74.0,313.7,19.5,0.0,5,19,Spring
2020-05-11,27.1913,78.15835,326.45,1.3,1.1,70.0,304.6,15.649999999999999,0.0,5,20,Spring
2020-05-12,30.341250000000002,75.64325,333.9,1.0,1.0,72.0,312.8,15.3,0.0,5,20,Spring
2020-05-13,30.0577,75.82175000000001,330.55,1.1,1.0,70.0,305.8,13.0,0.0,5,20,Spring
2020-05-14,29.03595,75.94395,331.95,1.3,1.1,73.0,308.6,18.700000000000003,0.0,5,20,Spring
2020-05-15,25.3711,78.2914,334.6,1.1,1.1,71.0,313.3,15.9,0.0,5,20,Spring
2020-05-16,25.3575,77.74655000000001,328.85,1.6,1.2,73.0,304.25,22.200000000000003,0.0,5,20,Spring
2020-05-17,23.7743,79.1781,334.3,1.2,1.1,70.0,313.4,14.4,0.0,5,20,Spring
2020-05-18,27.48635,76.61445,327.5,1.4,1.2,69.0,305.45,19.1,0.0,5,21,Spring
2020-05-19,30.22205,76.10565,333.45,1.0,1.0,71.0,313.5,13.649999999999999,0.0,5,21,Spring
2020-05-20,29.269,76.29,332.3,1.1,1.0,71.0,311.9,15.8,0.0,5,21,Spring
2020-05-21,26.484099999999998,79.36,335.55,1.1,1.0,73.0,314.85,15.75,0.0,5,21,Spring
2020-05-22,29.87345,76.344,334.5,1.2,1.1,72.5,313.95,14.649999999999999,0.0,5,21,Spring
2020-05-23,22.2185,80.8765,332.2,1.2,1.1,73.0,306.1,19.3,0.0,5,21,Spring
2020-05-24,22.78595,79.12955,334.05,1.1,1.0,71.0,308.95,13.899999999999999,0.0,5,21,Spring
2020-05-25,29.8634,76.2957,328.15,1.4,1.2,72.0,308.15,18.85,0.0,5,22,Spring
2020-05-26,24.54655,78.88544999999999,335.85,1.1,1.1,73.0,314.7,16.700000000000003,0.0,5,22,Spring
2020-05-27,29.9524,78.9208,327.1,1.1,1.0,72.0,307.0,15.2,0.0,5,22,Spring
2020-05-28,26.3406,79.3083,333.7,1.1,1.1,68.0,311.0,15.4,0.0,5,22,Spring
2020-05-29,29.8783,78.7719,324.4,1.2,1.1,70.0,305.3,13.5,0.0,5,22,Spring
2020-05-30,29.7221,79.5618,330.2,1.0,1.0,72.0,309.7,14.6,0.0,5,22,Spring
2020-05-31,29.74695,79.00874999999999,327.7,1.1,1.0,67.5,306.75,13.649999999999999,0.0,5,22,Spring
2020-06-01,30.07795,78.6769,325.15,1.3,1.1,69.5,304.4,15.95,0.0,6,23,Spring
2020-06-02,24.64495,80.00865,331.65,1.1,1.1,67.5,305.15,12.850000000000001,0.0,6,23,Spring
2020-06-03,23.96085,79.36930000000001,314.75,1.15,1.1,70.5,296.4,10.95,0.0,6,23,Spring
2020-06-04,21.2493,81.2217,332.4,1.1,1.0,70.0,308.7,12.5,0.0,6,23,Spring
2020-06-05,30.02835,78.5082,323.65,1.1,1.1,72.5,301.4,16.15,0.0,6,23,Spring
2020-06-06,21.6134,81.57669999999999,329.95000000000005,1.1,1.0,69.0,302.0,14.45,0.0,6,23,Spring
2020-06-07,27.60985,78.67435,320.04999999999995,1.3,1.1,60.0,297.55,12.95,0.0,6,23,Spring
2020-06-08,25.663600000000002,79.44200000000001,325.04999999999995,1.2,1.1,69.5,296.95000000000005,13.7,0.0,6,24,Spring
2020-06-09,22.0348,79.418,328.1,1.2,1.1,68.0,302.5,13.4,0.0,6,24,Spring
2020-06-10,30.218049999999998,78.32735,318.75,1.2,1.1,71.0,300.95000000000005,13.100000000000001,0.0,6,24,Spring
2020-06-11,22.037100000000002,79.34094999999999,330.25,1.3,1.1,69.0,306.65,15.45,0.0,6,24,Spring
2020-06-12,21.33115,85.20939999999999,323.65,1.4,1.2,61.0,300.79999999999995,14.05,0.0,6,24,Spring
2020-06-13,26.866799999999998,82.30625,328.55,1.2,1.1,67.0,300.95,15.1,0.0,6,24,Spring
2020-06-14,30.2743,78.5871,319.5,1.3,1.1,65.0,296.6,12.2,0.0,6,24,Spring
2020-06-15,30.146,78.82575,327.6,1.0,1.0,66.5,307.05,13.649999999999999,0.0,6,25,Spring
2020-06-16,22.3346,79.7995,327.1,1.3,1.1,65.0,300.8,13.5,0.0,6,25,Spring
2020-06-17,25.52795,79.30160000000001,320.65,1.2,1.1,67.5,299.75,11.8,0.0,6,25,Spring
2020-06-18,22.5495,78.9394,332.1,1.2,1.1,67.0,305.0,13.4,0.0,6,25,Spring
2020-06-19,30.9798,77.1349,314.95,1.05,1.05,56.5,299.04999999999995,7.6,0.0,6,25,Spring
2020-06-20,22.031399999999998,79.1585,326.29999999999995,1.3,1.1,67.5,298.75,17.0,0.0,6,25,Spring
2020-06-21,30.334000000000003,77.3569,320.45,1.3,1.1,57.0,293.85,15.45,0.0,6,25,Summer
2020-06-22,23.7298,79.77250000000001,326.95000000000005,1.1,1.0,70.0,298.55,13.600000000000001,0.0,6,26,Summer
2020-06-23,23.70315,83.74405,312.70000000000005,1.1,1.0,61.5,291.85,9.4,0.0,6,26,Summer
2020-06-24,22.7888,85.2536,311.0,1.1,1.0,64.0,295.7,7.5,2.0,6,26,Summer
2020-06-25,21.02265,82.85165,318.7,1.4,1.2,52.0,296.25,12.95,0.0,6,26,Summer
2020-06-26,21.84625,77.78985,325.05,1.9,1.35,35.5,301.25,26.25,0.0,6,26,Summer
2020-06-27,23.3605,77.865,326.3,1.1,1.1,63.0,301.7,12.6,0.0,6,26,Summer
2020-06-28,32.35465,75.89689999999999,307.35,1.2,1.1,67.5,296.4,7.3,0.0,6,26,Summer
2020-06-29,30.8788,75.5723,329.3,1.0,1.0,61.0,309.4,10.5,0.0,6,27,Summer
2020-06-30,31.1774,75.46975,325.04999999999995,1.1,1.0,70.5,302.95,12.05,0.0,6,27,Summer
2020-07-01,28.4448,79.6824,319.8,1.0,1.0,56.0,295.8,8.5,0.0,7,27,Summer
2020-07-02,32.9206,74.8988,322.8,1.3,1.1,59.0,302.2,12.0,0.0,7,27,Summer
2020-07-03,30.89725,77.8406,321.45,1.5499999999999998,1.25,61.5,297.54999999999995,15.95,0.0,7,27,Summer
2020-07-04,24.4082,79.67869999999999,323.0,1.3,1.1,56.0,298.0,13.55,0.0,7,27,Summer
2020-07-05,23.7922,83.2192,320.4,1.0,1.0,51.0,294.5,12.4,2.0,7,27,Summer
2020-07-06,8.6453,78.0346,326.0,1.1,1.0,44.0,294.5,14.0,0.0,7,28,Summer
2020-07-07,30.90115,75.53550000000001,324.1,1.0,1.0,57.5,299.0,10.4,0.0,7,28,Summer
2020-07-08,20.56695,78.39835,320.54999999999995,1.3,1.1,53.0,294.05,30.25,0.0,7,28,Summer
2020-07-09,20.3655,77.5466,317.5,2.0,1.4,62.0,288.6,21.7,0.0,7,28,Summer
2020-07-10,12.39,79.9587,333.29999999999995,1.7,1.3,70.0,300.45,32.75,0.0,7,28,Summer
2020-07-11,23.8885,85.0065,302.8,1.3,1.1,51.0,281.7,6.6,0.0,7,28,Summer
2020-07-12,22.80405,86.2079,309.35,1.35,1.15,48.5,277.7,10.15,2.0,7,28,Summer
2020-07-13,15.5841,80.0948,315.5,1.1,1.1,63.0,287.3,10.3,0.0,7,29,Summer
2020-07-14,21.97505,85.17475,309.15,1.3,1.1,65.5,294.1,11.149999999999999,2.0,7,29,Summer
2020-07-15,20.963,85.0074,318.9,1.0,1.0,66.0,294.1,9.6,0.0,7,29,Summer
2020-07-16,21.0348,83.74355,316.6,1.65,1.3,63.5,292.6,18.2,2.0,7,29,Summer
2020-07-17,23.73795,85.8613,315.79999999999995,1.1,1.0,64.0,295.5,9.1,2.0,7,29,Summer
2020-07-18,21.1082,83.7517,313.3,1.3,1.1,68.0,292.3,11.8,0.0,7,29,Summer
2020-07-19,22.8036,85.8553,316.0,1.2,1.1,61.0,294.4,9.6,2.0,7,29,Summer
2020-07-20,23.723100000000002,85.52175,313.85,1.3,1.1,69.5,295.25,12.9,2.0,7,30,Summer
2020-07-21,22.6303,80.3767,315.6,2.4,1.5,39.0,293.6,29.6,0.0,7,30,Summer
2020-07-22,22.7675,77.7368,325.0,1.3,1.1,45.0,300.0,11.5,0.0,7,30,Summer
2020-07-23,21.8825,79.7004,318.65,1.85,1.35,33.0,295.4,19.2,0.0,7,30,Summer
2020-07-24,20.9681,80.4657,313.4,1.0,1.0,38.0,286.1,6.6,0.0,7,30,Summer
2020-07-25,15.77,75.05,308.25,1.2,1.1,24.0,281.4,6.75,1.0,7,30,Summer
2020-07-26,22.9015,84.18039999999999,316.85,1.4,1.15,59.5,292.29999999999995,10.15,1.0,7,30,Summer
2020-07-28,23.750700000000002,84.19999999999999,317.2,1.4,1.2,42.0,292.9,10.0,1.0,7,31,Summer
2020-07-29,11.1547,77.9051,320.7,1.0,1.0,50.0,293.2,8.9,0.0,7,31,Summer
2020-07-30,26.9712,76.592,319.9,1.0,1.0,35.0,296.5,9.4,0.0,7,31,Summer
2020-07-31,18.6826,80.10990000000001,325.0,1.15,1.05,37.5,295.85,8.7,0.0,7,31,Summer
2020-08-01,24.466450000000002,85.17734999999999,316.95000000000005,1.1,1.0,58.5,293.05,7.2,2.0,8,31,Summer
2020-08-02,23.7203,85.8646,310.8,1.2,1.1,62.0,289.9,9.7,2.0,8,31,Summer
2020-08-03,24.5181,83.6362,317.8,1.1,1.0,20.0,294.8,8.7,0.0,8,32,Summer
2020-08-04,29.6844,74.8155,319.3,1.9,1.3,41.0,296.9,17.0,0.0,8,32,Summer
2020-08-05,23.75555,86.40335,305.65,1.3,1.1,50.5,281.9,8.25,2.0,8,32,Summer
2020-08-06,29.0382,85.36914999999999,318.4,2.3,1.4,52.5,297.4,22.5,0.0,8,32,Summer
2020-08-07,28.073349999999998,86.25970000000001,316.8,1.5499999999999998,1.25,33.5,293.6,13.4,0.0,8,32,Summer
2020-08-08,25.95375,85.5077,311.2,1.2,1.1,34.5,292.55,5.95,0.0,8,32,Summer
2020-08-09,23.7814,85.8603,305.9,1.05,1.0,55.5,292.0,5.05,0.0,8,32,Summer
2020-08-10,21.9161,84.3223,311.5,1.3,1.1,43.0,291.3,9.2,2.0,8,33,Summer
2020-08-11,28.7003,75.6027,319.7,1.6,1.2,45.0,295.7,16.9,0.0,8,33,Summer
2020-08-12,15.055,77.4685,319.7,1.1,1.0,66.0,293.0,9.5,0.0,8,33,Summer
2020-08-13,27.8405,80.72025,317.6,1.15,1.05,45.5,294.75,10.15,0.0,8,33,Summer
2020-08-14,10.9223,78.8992,328.2,1.0,1.0,73.0,300.7,10.4,0.0,8,33,Summer
2020-08-15,21.64615,83.9221,309.7,2.35,1.5,30.5,287.95,14.15,2.0,8,33,Summer
2020-08-16,20.9619,85.1811,317.2,1.0,1.0,59.0,291.9,8.0,2.0,8,33,Summer
2020-08-17,27.1299,91.927,313.3,1.45,1.2000000000000002,55.0,294.25,10.25,0.0,8,34,Summer
2020-08-18,23.7068,85.1855,313.6,1.5,1.2,57.0,292.0,10.8,0.0,8,34,Summer
2020-08-19,22.0415,85.16205,309.5,1.05,1.0,49.0,289.85,5.449999999999999,0.0,8,34,Summer
2020-08-20,23.770049999999998,80.13059999999999,319.05,1.3,1.1,59.5,294.95000000000005,13.0,2.0,8,34,Summer
2020-08-21,21.1061,78.3639,307.2,1.3,1.1,55.0,284.1,9.3,2.0,8,34,Summer
2020-08-22,27.3967,95.4257,303.0,2.4,1.5,42.0,286.3,11.3,0.0,8,34,Summer
2020-08-23,22.3196,73.30019999999999,314.9,1.2000000000000002,1.05,49.5,295.35,10.45,0.0,8,34,Summer
2020-08-24,18.6856,73.0351,309.6,1.2,1.1,73.0,288.8,9.3,2.0,8,35,Summer
2020-08-25,23.73875,86.34965,306.55,1.1,1.0,50.0,291.35,5.449999999999999,2.0,8,35,Summer
2020-08-26,25.274099999999997,86.4041,314.05,1.05,1.0,50.5,292.05,8.75,2.0,8,35,Summer
2020-08-27,29.0504,74.6269,319.3,1.7,1.3,40.0,296.1,19.4,0.0,8,35,Summer
2020-08-28,25.7898,79.28225,317.7,1.15,1.05,51.0,298.0,10.05,0.0,8,35,Summer
2020-08-29,23.777949999999997,78.4142,317.6,1.4,1.2,48.0,295.29999999999995,12.25,1.0,8,35,Summer
2020-08-30,23.7558,79.2378,317.7,1.2,1.1,55.0,297.4,10.7,0.0,8,35,Summer
2020-08-31,27.6353,75.5728,319.4,1.1,1.1,49.0,298.4,9.8,0.0,8,36,Summer
2020-09-01,23.89165,80.50135,317.15,1.7,1.3,43.0,292.6,16.35,0.0,9,36,Summer
2020-09-02,23.723,86.3923,316.2,1.3,1.1,62.0,294.5,10.1,2.0,9,36,Summer
2020-09-03,27.2704,73.4101,318.8,1.6,1.2,37.0,294.1,18.8,0.0,9,36,Summer
2020-09-04,23.5572,76.8535,306.7,1.0,1.0,47.0,291.4,7.4,0.0,9,36,Summer
2020-09-05,23.7671,86.405,306.8,1.2,1.1,44.5,291.75,6.050000000000001,2.0,9,36,Summer
2020-09-06,22.7873,79.6713,318.7,1.4,1.2,53.0,297.0,14.7,0.0,9,36,Summer
2020-09-07,23.7795,86.3895,316.6,1.0,1.0,47.0,295.1,6.3,2.0,9,37,Summer
2020-09-08,22.5283,76.34405000000001,315.25,1.3,1.15,34.5,293.5,8.9,2.0,9,37,Summer
2020-09-09,22.81805,81.18934999999999,311.3,1.4,1.15,44.0,294.29999999999995,9.5,2.0,9,37,Summer
2020-09-10,23.7425,85.97585000000001,314.05,1.1,1.0,60.5,290.1,7.55,2.0,9,37,Summer
2020-09-11,23.7266,86.4408,305.0,1.0,1.0,24.0,280.9,6.5,2.0,9,37,Summer
2020-09-12,23.6849,86.09565,302.0,1.0,1.0,33.0,283.35,4.0,2.0,9,37,Summer
2020-09-13,22.797,79.4957,309.7,1.2,1.1,70.0,291.9,8.9,2.0,9,37,Summer
2020-09-14,21.3841,85.2539,311.0,1.4,1.2,70.5,291.70000000000005,10.149999999999999,2.0,9,38,Summer
2020-09-15,22.310850000000002,85.1757,315.65,1.25,1.1,54.5,296.15,11.85,2.0,9,38,Summer
2020-09-16,23.7451,84.6939,315.3,1.3,1.1,40.0,293.6,8.2,2.0,9,38,Summer
2020-09-17,23.7227,84.92275000000001,315.75,1.0,1.0,48.0,296.4,6.9,2.0,9,38,Summer
2020-09-18,23.26075,86.12880000000001,308.15,1.05,1.0,70.5,291.20000000000005,6.65,2.0,9,38,Summer
2020-09-19,23.755,85.2575,314.0,1.1,1.0,66.0,294.5,8.4,2.0,9,38,Summer
2020-09-20,23.6841,86.0911,310.8,1.2,1.1,59.0,295.8,8.8,2.0,9,38,Summer
2020-09-21,22.396250000000002,85.1925,317.29999999999995,1.2,1.1,45.5,298.3,12.4,0.0,9,39,Summer
2020-09-22,21.97975,83.8169,316.15,1.3,1.1,53.0,296.1,13.5,0.0,9,39,Summer
2020-09-23,23.72255,84.55975,318.8,1.0,1.0,53.5,295.65,10.3,2.0,9,39,Fall
2020-09-24,31.50805,75.00534999999999,316.9,1.0,1.0,55.0,297.85,8.05,0.0,9,39,Fall
2020-09-25,29.8424,75.0492,316.7,1.0,1.0,53.0,297.8,6.4,0.0,9,39,Fall
2020-09-26,30.20365,75.9414,316.45,1.1,1.1,55.0,298.0,10.45,2.0,9,39,Fall
2020-09-27,12.7835,79.2445,316.8,1.6,1.2,57.0,295.9,15.0,0.0,9,39,Fall
2020-09-28,16.20135,76.9863,311.45,1.2000000000000002,1.1,46.0,295.25,8.1,1.0,9,40,Fall
2020-09-29,14.779399999999999,78.16245,315.15,1.0,1.0,42.0,293.7,6.800000000000001,0.0,9,40,Fall
2020-09-30,20.9164,85.18119999999999,304.6,1.6,1.2,60.5,287.45000000000005,10.649999999999999,2.0,9,40,Fall
2020-10-01,22.134999999999998,79.8878,315.4,1.1,1.1,64.0,295.9,8.75,1.0,10,40,Fall
2020-10-02,23.7735,84.878,308.9,1.2,1.1,47.0,287.9,9.6,0.0,10,40,Fall
2020-10-03,21.7637,83.3549,316.4,1.0,1.0,57.0,297.4,9.3,0.0,10,40,Fall
2020-10-04,21.1113,83.3437,313.3,1.1,1.1,61.0,294.5,11.4,2.0,10,40,Fall
2020-10-05,23.0383,79.75405,314.55,1.2,1.1,61.5,295.8,8.0,0.0,10,41,Fall
2020-10-06,20.3645,79.9076,316.0,1.3,1.1,51.0,298.9,12.1,0.0,10,41,Fall
2020-10-07,23.7001,80.3075,315.3,1.2,1.1,54.0,297.6,12.3,0.0,10,41,Fall
2020-10-08,23.7041,77.0004,317.4,1.3,1.1,58.0,301.0,10.6,0.0,10,41,Fall
2020-10-09,20.9661,79.7415,315.1,1.5,1.2,56.0,298.0,12.0,0.0,10,41,Fall
2020-10-10,30.152250000000002,76.12595,316.0,1.0,1.0,62.0,301.2,7.4,0.0,10,41,Fall
2020-10-11,24.03715,76.90455,315.2,1.1,1.0,61.5,299.65,8.25,0.0,10,41,Fall
2020-10-12,29.7761,76.8265,316.3,1.0,1.0,62.0,300.6,7.3,0.0,10,42,Fall
2020-10-13,23.76435,79.5763,315.6,1.1,1.0,61.0,298.45,8.75,0.0,10,42,Fall
2020-10-14,28.8751,79.3892,315.1,1.3,1.1,62.0,300.5,9.9,0.0,10,42,Fall
2020-10-15,29.8219,76.5846,315.6,1.6,1.3,62.0,300.5,14.2,0.0,10,42,Fall
2020-10-16,27.9508,79.4495,313.95,1.5,1.2,60.5,299.2,12.25,0.0,10,42,Fall
2020-10-17,30.387,75.28025,315.8,1.1,1.1,60.0,299.75,8.45,0.0,10,42,Fall
2020-10-18,30.11605,76.2801,312.85,1.1,1.1,62.5,296.6,7.699999999999999,0.0,10,42,Fall
2020-10-19,30.332250000000002,76.1383,316.55,1.0,1.0,64.0,301.4,7.55,0.0,10,43,Fall
2020-10-20,29.8749,76.5928,313.9,1.0,1.0,63.0,301.2,7.1,0.0,10,43,Fall
2020-10-21,30.47355,75.8826,315.85,1.2,1.1,63.5,301.8,9.2,0.0,10,43,Fall
2020-10-22,30.5678,75.848,315.3,2.0,1.4,62.0,301.8,16.9,0.0,10,43,Fall
2020-10-23,30.4347,75.95665,315.3,1.8,1.3,64.0,300.9,15.05,0.0,10,43,Fall
2020-10-24,30.646,75.2543,317.0,1.3,1.1,63.0,300.6,11.3,0.0,10,43,Fall
2020-10-25,30.36185,75.74545,312.4,1.5,1.2,63.0,298.6,11.0,0.0,10,43,Fall
2020-10-26,30.604300000000002,75.30965,317.5,1.0,1.0,64.0,301.1,8.5,0.0,10,44,Fall
2020-10-27,30.6047,75.3332,314.7,1.0,1.0,63.0,300.7,9.1,0.0,10,44,Fall
2020-10-28,30.428449999999998,75.50805,318.35,1.1,1.0,64.0,301.8,9.7,0.0,10,44,Fall
2020-10-29,30.8001,74.9005,315.4,2.5,1.5,58.0,298.6,23.4,0.0,10,44,Fall
2020-10-30,30.36425,75.30505,317.2,1.6,1.2,62.0,300.8,15.1,0.0,10,44,Fall
2020-10-31,30.4341,75.1733,319.2,1.6,1.2,62.0,300.4,17.6,0.0,10,44,Fall
2020-11-01,28.804450000000003,77.08324999999999,311.6,1.6,1.2,59.5,293.35,10.8,0.0,11,44,Fall
2020-11-02,25.3454,78.1694,317.4,1.1,1.1,59.0,300.0,9.6,0.0,11,45,Fall
2020-11-03,30.19475,74.99685,312.79999999999995,1.3,1.1,60.0,294.8,9.6,0.0,11,45,Fall
2020-11-04,30.378,75.42205,321.1,1.0,1.0,65.0,301.1,11.2,0.0,11,45,Fall
2020-11-05,30.33915,75.49235,315.9,1.25,1.1,59.0,300.0,20.45,0.0,11,45,Fall
2020-11-06,30.3624,75.406,321.6,1.3,1.1,65.0,300.1,16.8,0.0,11,45,Fall
2020-11-07,30.3219,75.7222,316.4,1.6,1.2,67.0,296.6,15.1,0.0,11,45,Fall
2020-11-08,30.333550000000002,75.59515,314.4,1.9,1.3,64.0,299.0,13.7,0.0,11,45,Fall
2020-11-09,30.2099,75.628,319.1,1.4,1.2,66.0,301.7,13.9,0.0,11,46,Fall
2020-11-10,30.1528,75.9004,314.3,2.4,1.5,65.0,300.4,19.6,0.0,11,46,Fall
2020-11-11,29.7839,75.98365,316.8,1.0,1.0,62.5,294.4,10.3,0.0,11,46,Fall
2020-11-12,25.4369,76.0131,314.6,1.1,1.0,59.0,299.6,7.5,0.0,11,46,Fall
2020-11-13,23.7476,78.5804,317.6,1.1,1.0,63.0,301.8,8.6,0.0,11,46,Fall
2020-11-14,20.96655,78.99965,313.1,1.1,1.0,63.0,297.7,8.7,1.0,11,46,Fall
2020-11-15,25.8769,79.4203,314.1,1.2,1.1,59.0,301.4,9.1,0.0,11,46,Fall
2020-11-16,25.43675,77.59440000000001,316.05,1.3,1.1,59.5,300.75,12.7,0.0,11,47,Fall
2020-11-17,27.2906,76.9543,314.2,1.9,1.3,65.0,301.0,14.1,0.0,11,47,Fall
2020-11-18,30.4054,75.10135,315.85,1.1,1.0,64.0,301.0,8.45,0.0,11,47,Fall
2020-11-19,26.7994,79.6228,314.7,1.3,1.1,62.0,299.6,14.1,0.0,11,47,Fall
2020-11-20,30.1449,74.6999,317.6,1.0,1.0,67.0,299.9,9.9,0.0,11,47,Fall
2020-11-21,23.5057,77.2639,312.1,1.1,1.0,57.0,298.2,8.0,0.0,11,47,Fall
2020-11-22,23.4184,79.9912,315.3,1.0,1.0,58.0,301.6,7.4,0.0,11,47,Fall
2020-11-23,30.1466,74.5527,313.8,1.8,1.3,63.0,296.0,14.4,0.0,11,48,Fall
2020-11-24,25.8651,78.9007,314.0,1.4,1.2,63.0,298.8,11.3,0.0,11,48,Fall
2020-11-25,30.12865,74.5626,316.45,1.2,1.1,64.0,299.4,10.7,0.0,11,48,Fall
2020-11-26,23.46,83.5874,314.9,1.1,1.1,64.0,299.7,11.2,0.0,11,48,Fall
2020-11-27,23.45555,78.89845,315.45,1.15,1.1,59.0,299.35,8.5,0.0,11,48,Fall
2020-11-28,22.3396,79.7662,315.3,1.1,1.1,60.0,299.8,10.7,0.0,11,48,Fall
2020-11-29,23.27885,80.00495000000001,314.15,1.1,1.0,58.0,298.9,7.5,0.0,11,48,Fall
2020-11-30,23.7847,79.8198,311.9,1.3,1.1,60.0,297.2,12.1,0.0,11,49,Fall
2020-12-01,25.54455,81.4569,311.95,1.1,1.0,59.5,298.35,7.15,0.0,12,49,Fall
2020-12-02,26.08595,75.04475,313.70000000000005,1.3,1.1,62.0,297.85,10.65,0.0,12,49,Fall
2020-12-03,25.0821,83.8758,310.8,1.1,1.0,58.0,298.0,7.8,0.0,12,49,Fall
2020-12-04,21.9193,80.1918,313.7,1.1,1.0,61.0,298.6,8.0,0.0,12,49,Fall
2020-12-05,25.188,83.8427,310.2,1.3,1.1,60.0,297.2,8.2,0.0,12,49,Fall
2020-12-06,20.9602,80.0111,313.5,1.1,1.0,62.0,298.5,7.7,0.0,12,49,Fall
2020-12-07,21.3723,77.0353,311.35,1.1,1.0,56.5,296.6,7.65,0.0,12,50,Fall
2020-12-08,24.3447,81.6751,312.3,1.1,1.0,60.0,298.3,7.45,0.0,12,50,Fall
2020-12-09,21.665599999999998,78.72335000000001,312.85,1.1,1.0,61.0,295.9,8.75,0.0,12,50,Fall
2020-12-10,24.9909,83.4733,311.6,1.1,1.1,59.0,296.9,7.6,0.0,12,50,Fall
2020-12-11,20.1617,80.2747,314.35,1.1,1.0,57.0,299.05,8.149999999999999,0.0,12,50,Fall
2020-12-12,21.13565,81.72325000000001,312.35,1.6,1.25,54.0,298.2,11.0,0.0,12,50,Fall
2020-12-13,18.4971,80.0173,315.25,1.1,1.1,60.5,297.54999999999995,9.05,0.0,12,50,Fall
2020-12-14,21.5081,76.39840000000001,313.0,1.1,1.1,60.0,296.5,9.3,0.0,12,51,Fall
2020-12-15,19.94815,80.3316,313.3,1.1,1.0,55.5,298.1,7.55,0.0,12,51,Fall
2020-12-16,19.2596,75.6292,314.2,1.1,1.0,60.0,297.7,9.8,0.0,12,51,Fall
2020-12-17,20.8131,80.6959,311.8,1.1,1.1,59.0,294.3,8.2,0.0,12,51,Fall
2020-12-18,18.4176,76.73385,314.7,1.1,1.1,60.0,300.6,7.699999999999999,0.0,12,51,Fall
2020-12-19,21.280549999999998,83.1293,312.4,1.2,1.1,62.0,299.20000000000005,9.25,0.0,12,51,Fall
2020-12-20,21.22125,82.2699,311.29999999999995,1.15,1.1,60.0,298.0,7.65,0.0,12,51,Fall
2020-12-21,22.2756,84.0821,308.95,1.4,1.2,59.5,296.29999999999995,9.25,0.0,12,52,Winter
2020-12-22,21.1091,80.3108,315.3,1.2,1.1,61.0,299.0,9.4,0.0,12,52,Winter
2020-12-23,21.1069,75.467,311.4,1.1,1.0,61.0,294.5,9.9,0.0,12,52,Winter
2020-12-24,21.149050000000003,81.93950000000001,312.5,1.0,1.0,61.0,295.6,7.0,0.0,12,52,Winter
2020-12-25,20.9217,80.629,312.4,1.2,1.1,59.0,296.2,8.2,0.0,12,52,Winter
2020-12-26,26.0571,76.6573,304.7,1.2,1.1,59.0,289.1,13.0,0.0,12,52,Winter
2020-12-27,21.2318,78.232,311.8,1.1,1.1,59.0,295.3,9.2,0.0,12,52,Winter
2020-12-28,21.4996,82.8001,313.3,1.4,1.2,65.0,299.0,12.0,0.0,12,53,Winter
2020-12-29,21.096049999999998,80.5478,309.9,1.1,1.1,58.0,296.9,7.75,0.0,12,53,Winter
2020-12-30,23.7499,87.1617,310.2,1.2,1.1,60.0,296.4,8.8,0.0,12,53,Winter
2020-12-31,22.44445,82.43270000000001,309.4,1.1,1.1,59.0,293.5,8.8,0.0,12,53,Winter
2021-01-01,18.6839,75.6958,314.7,1.1,1.1,59.0,298.1,11.3,0.0,1,53,Winter
2021-01-02,16.62965,75.495,307.6,1.1,1.0,63.5,291.65,8.05,0.0,1,53,Winter
2021-01-03,20.65645,75.15005,313.0,1.1,1.05,56.0,299.0,9.25,0.0,1,53,Winter
2021-01-04,20.9609,75.1069,309.0,1.4,1.2,61.0,291.2,13.4,0.0,1,1,Winter
2021-01-05,19.1457,76.6345,314.0,1.1,1.0,59.0,299.8,9.3,0.0,1,1,Winter
2021-01-06,21.74725,82.3931,310.85,1.2,1.1,61.5,297.3,9.75,0.0,1,1,Winter
2021-01-07,20.80695,81.74225,311.75,1.2,1.1,63.0,296.55,8.9,0.0,1,1,Winter
2021-01-08,20.96305,76.5137,311.8,1.1,1.0,63.0,294.85,8.2,0.0,1,1,Winter
2021-01-09,16.586750000000002,75.30019999999999,306.1,1.0,1.0,48.5,291.04999999999995,6.75,0.0,1,1,Winter
2021-01-10,20.9626,77.2948,313.2,1.1,1.1,59.0,297.1,8.1,0.0,1,1,Winter
2021-01-11,20.959899999999998,82.56075000000001,308.65,1.2,1.1,60.0,294.0,9.2,0.0,1,2,Winter
2021-01-12,20.5188,77.43795,314.25,1.1,1.0,61.0,299.4,8.6,0.0,1,2,Winter
2021-01-13,21.9191,86.39564999999999,311.20000000000005,1.6,1.2,59.0,296.79999999999995,12.149999999999999,0.0,1,2,Winter
2021-01-14,20.96495,80.6036,314.4,1.2,1.1,63.0,298.35,11.7,0.0,1,2,Winter
2021-01-15,21.91665,85.1796,311.75,1.3,1.1,60.0,297.0,9.8,0.0,1,2,Winter
2021-01-16,20.9642,82.4665,313.1,1.1,1.0,62.0,299.0,8.6,0.0,1,2,Winter
2021-01-17,21.96965,85.0034,312.5,1.1,1.0,61.0,297.2,7.75,0.0,1,2,Winter
2021-01-18,20.944850000000002,83.0098,311.25,1.1,1.0,61.0,292.2,8.05,0.0,1,3,Winter
2021-01-19,17.8479,75.6989,316.3,1.1,1.0,63.0,300.6,9.0,0.0,1,3,Winter
2021-01-20,22.13475,84.04509999999999,311.04999999999995,1.1,1.1,60.5,297.2,8.3,0.0,1,3,Winter
2021-01-21,18.7757,76.9728,318.0,1.1,1.0,61.0,301.2,9.6,0.0,1,3,Winter
2021-01-22,24.115099999999998,85.18515,312.45,1.3,1.1,60.5,295.45,10.149999999999999,0.0,1,3,Winter
2021-01-23,23.1645,77.48135,312.5,1.1,1.0,61.0,295.85,10.2,0.0,1,3,Winter
2021-01-24,21.7012,77.2919,312.9,1.1,1.1,57.0,296.4,8.8,0.0,1,3,Winter
2021-01-25,20.959000000000003,80.91485,310.1,1.1,1.0,61.0,294.29999999999995,8.4,0.0,1,4,Winter
2021-01-26,17.3739,77.232,318.45,1.1,1.0,61.5,303.29999999999995,9.75,0.0,1,4,Winter
2021-01-27,20.9636,83.6501,313.9,1.1,1.1,64.0,298.2,9.0,0.0,1,4,Winter
2021-01-28,18.9749,77.4764,319.3,1.1,1.0,61.0,301.1,9.8,0.0,1,4,Winter
2021-01-29,25.6252,85.1685,307.5,1.4,1.2,52.0,292.7,9.3,0.0,1,4,Winter
2021-01-30,19.3196,76.9128,317.5,1.1,1.0,62.0,302.3,11.2,0.0,1,4,Winter
2021-01-31,20.963,76.0148,314.2,1.2,1.1,61.0,300.4,11.3,0.0,1,4,Winter
2021-02-01,21.6481,78.6521,311.4,1.1,1.0,61.0,294.2,9.0,0.0,2,5,Winter
2021-02-02,18.2171,76.9232,316.1,1.1,1.0,59.0,300.0,9.2,0.0,2,5,Winter
2021-02-03,20.9623,79.2166,309.6,1.1,1.0,60.0,293.1,8.0,0.0,2,5,Winter
2021-02-04,19.32285,77.9508,318.45000000000005,1.1,1.0,61.0,301.05,10.149999999999999,0.0,2,5,Winter
2021-02-05,24.7758,77.7866,312.6,1.2,1.1,59.0,294.6,13.0,0.0,2,5,Winter
2021-02-06,24.46125,76.33395,318.7,1.1,1.1,60.0,301.20000000000005,11.05,0.0,2,5,Winter
2021-02-07,25.9457,77.5483,310.9,1.4,1.2,57.0,294.3,12.9,0.0,2,5,Winter
2021-02-08,24.210549999999998,77.13114999999999,314.04999999999995,1.2,1.1,60.0,295.45,11.2,0.0,2,6,Winter
2021-02-09,21.2124,76.3686,315.1,1.1,1.0,61.0,299.0,9.4,0.0,2,6,Winter
2021-02-10,25.009149999999998,80.36255,309.85,1.1,1.0,59.0,292.9,8.0,0.0,2,6,Winter
2021-02-11,26.2583,80.3748,314.9,1.1,1.0,64.0,296.3,10.3,0.0,2,6,Winter
2021-02-12,23.3992,82.3549,312.5,1.1,1.0,63.0,295.5,8.9,0.0,2,6,Winter
2021-02-13,21.2931,79.6712,318.8,1.1,1.0,63.0,301.2,11.0,0.0,2,6,Winter
2021-02-14,22.1891,82.68205,315.79999999999995,1.6,1.3,62.0,298.9,14.2,0.0,2,6,Winter
2021-02-15,17.9125,78.0044,323.25,1.1,1.0,64.0,306.2,12.05,0.0,2,7,Winter
2021-02-16,21.669800000000002,77.47295,317.95,1.2,1.1,60.0,299.75,11.5,0.0,2,7,Winter
2021-02-17,20.3935,78.8904,320.1,1.1,1.1,64.0,305.3,11.9,0.0,2,7,Winter
2021-02-18,21.1135,77.557,318.9,1.1,1.0,62.0,301.2,10.6,0.0,2,7,Winter
2021-02-19,19.69055,82.3406,319.5,1.0,1.0,68.0,302.04999999999995,10.850000000000001,0.0,2,7,Winter
2021-02-20,21.4943,80.0044,319.3,1.1,1.0,65.0,298.3,10.9,0.0,2,7,Winter
2021-02-21,22.816049999999997,85.18164999999999,316.85,1.6,1.2,69.0,296.29999999999995,20.9,0.0,2,7,Winter
2021-02-22,19.814,79.2725,324.6,1.2,1.1,67.0,301.9,13.6,0.0,2,8,Winter
2021-02-23,21.9397,79.2897,316.1,1.2,1.1,59.0,300.2,10.8,0.0,2,8,Winter
2021-02-24,18.5962,78.47120000000001,322.15,1.2,1.1,65.0,298.4,12.6,0.0,2,8,Winter
2021-02-25,22.2684,76.54225,323.54999999999995,1.1,1.1,70.0,300.45000000000005,16.6,0.0,2,8,Winter
2021-02-26,18.448,77.60975,311.6,1.0,1.0,60.0,295.2,8.35,0.0,2,8,Winter
2021-02-27,18.2277,77.30055,324.3,1.1,1.1,68.0,306.55,13.649999999999999,0.0,2,8,Winter
2021-02-28,20.9619,82.2217,317.6,1.2,1.1,63.0,299.0,12.0,0.0,2,8,Winter
2021-03-01,24.9135,87.0597,319.5,1.6,1.2,64.0,298.6,17.4,0.0,3,9,Winter
2021-03-02,23.80845,85.18405,320.7,1.5,1.2,67.0,296.2,17.549999999999997,0.0,3,9,Winter
2021-03-03,24.2663,83.79695000000001,319.8,1.2,1.1,63.0,295.55,14.8,0.0,3,9,Winter
2021-03-04,23.76415,79.9653,316.3,1.1,1.1,66.0,295.5,12.25,0.0,3,9,Winter
2021-03-05,22.9466,90.5238,324.8,1.0,1.0,71.0,300.9,14.9,0.0,3,9,Winter
2021-03-06,18.280050000000003,76.0121,310.15,1.1,1.0,62.5,292.4,8.899999999999999,0.0,3,9,Winter
2021-03-07,17.663249999999998,77.31735,325.75,1.1,1.0,66.0,304.2,11.35,0.0,3,9,Winter
2021-03-08,20.961,75.1622,311.6,1.4,1.2,65.0,295.5,12.1,0.0,3,10,Winter
2021-03-09,23.337899999999998,86.3638,321.5,1.6,1.3,62.5,298.25,16.85,0.0,3,10,Winter
2021-03-10,23.5974,92.83250000000001,324.65,1.4,1.2,74.0,301.0,28.799999999999997,0.0,3,10,Winter
2021-03-11,23.2782,92.6397,321.4,2.2,1.4,65.0,296.8,27.3,0.0,3,10,Winter
2021-03-12,24.09925,92.884,323.8,1.0,1.0,74.0,299.8,17.95,0.0,3,10,Winter
2021-03-13,24.3207,93.1259,321.7,1.6,1.2,73.0,296.9,45.0,0.0,3,10,Winter
2021-03-14,24.028,92.8956,330.0,1.1,1.0,80.0,301.5,24.5,0.0,3,10,Winter
2021-03-15,22.94585,92.3973,321.4,2.8,1.6,69.0,300.5,38.0,0.0,3,11,Winter
2021-03-16,24.9837,92.9507,326.2,1.5,1.2,74.0,298.1,30.2,0.0,3,11,Winter
2021-03-17,25.29555,92.5697,323.5,1.7,1.3,71.0,299.5,29.05,0.0,3,11,Winter
2021-03-18,24.3783,91.9301,325.2,2.1,1.4,70.0,297.1,30.9,0.0,3,11,Winter
2021-03-19,25.2691,92.05015,324.25,1.1,1.1,73.0,298.55,18.95,0.0,3,11,Winter
2021-03-20,23.63115,88.4548,321.45,1.5,1.2,69.0,295.4,20.05,0.0,3,11,
2021-03-21,24.5666,92.36635,326.85,1.0,1.0,70.0,297.4,17.85,0.0,3,11,Spring
2021-03-22,20.7908,78.6699,319.0,1.3,1.1,62.0,299.3,15.6,0.0,3,12,Spring
2021-03-23,23.6386,92.2074,325.2,1.1,1.1,66.0,298.6,14.9,0.0,3,12,Spring
2021-03-24,23.8461,91.9056,323.4,2.1,1.4,66.0,297.5,30.5,0.0,3,12,Spring
2021-03-25,23.8117,92.1143,323.5,1.9,1.3,69.0,299.3,26.1,0.0,3,12,Spring
2021-03-26,24.087249999999997,92.30645,323.2,1.4,1.2,71.0,299.5,22.15,0.0,3,12,Spring
2021-03-27,19.2616,80.8167,327.4,1.3,1.1,67.0,303.5,19.4,0.0,3,12,Spring
2021-03-28,24.0108,92.1608,329.0,1.0,1.0,74.0,303.4,19.0,0.0,3,12,Spring
2021-03-29,21.5129,82.0883,325.8,1.3,1.1,64.0,305.5,16.8,0.0,3,13,Spring
2021-03-30,25.1788,92.6964,325.75,1.1,1.0,70.0,306.2,15.7,0.0,3,13,Spring
2021-03-31,24.110599999999998,92.1568,320.6,1.3,1.1,66.0,302.5,23.6,0.0,3,13,Spring
2021-04-01,23.7262,91.8129,328.1,1.3,1.1,69.0,306.3,17.9,0.0,4,13,Spring
2021-04-02,23.697,91.72135,323.75,1.4,1.2,68.0,302.2,17.55,0.0,4,13,Spring
2021-04-03,22.579549999999998,79.0325,326.65,1.3,1.1,67.0,305.25,18.2,0.0,4,13,Spring
2021-04-04,24.4424,90.77420000000001,325.3,1.2,1.1,66.0,304.2,15.25,0.0,4,13,Spring
2021-04-05,22.6042,79.0412,327.8,1.1,1.1,66.0,308.4,17.2,0.0,4,14,Spring
2021-04-06,24.16785,85.61564999999999,326.3,1.0,1.0,68.0,303.8,15.8,0.0,4,14,Spring
2021-04-07,22.66,78.57575,320.9,1.2,1.1,67.0,298.04999999999995,13.6,0.0,4,14,Spring
2021-04-08,22.6918,77.5786,331.4,1.1,1.1,69.0,311.7,17.0,0.0,4,14,Spring
2021-04-09,22.9835,77.5987,321.4,1.1,1.0,67.0,299.0,14.3,0.0,4,14,Spring
2021-04-10,22.72915,77.93475000000001,329.6,1.4,1.2,66.0,309.7,19.15,0.0,4,14,Spring
2021-04-11,23.1101,77.66069999999999,327.15,1.3,1.1,68.0,306.4,15.25,0.0,4,14,Spring
2021-04-12,22.790399999999998,78.18275,332.45,1.1,1.1,68.0,312.6,16.85,0.0,4,15,Spring
2021-04-13,23.29045,77.83385,331.6,1.1,1.1,68.5,308.35,15.7,0.0,4,15,Spring
2021-04-14,19.887900000000002,80.43485,327.85,1.1,1.1,66.0,306.9,14.350000000000001,0.0,4,15,Spring
2021-04-15,22.9014,78.1186,332.1,1.1,1.0,70.0,310.7,16.3,0.0,4,15,Spring
2021-04-16,22.847,78.1644,324.9,1.1,1.0,69.0,303.9,14.7,0.0,4,15,Spring
2021-04-17,22.84885,78.02535,334.85,1.2,1.1,71.0,312.7,20.1,0.0,4,15,Spring
2021-04-18,23.3418,77.8347,327.1,1.4,1.2,70.0,305.6,17.4,0.0,4,15,Spring
2021-04-19,22.925,79.2544,332.2,1.2,1.1,73.0,309.3,21.3,0.0,4,16,Spring
2021-04-20,23.5774,77.515,319.2,1.4,1.2,67.0,295.2,14.7,0.0,4,16,Spring
2021-04-21,23.3826,78.7894,330.6,1.1,1.0,66.0,308.9,15.5,0.0,4,16,Spring
2021-04-22,23.765,77.4273,335.0,1.0,1.0,70.0,315.0,16.3,0.0,4,16,Spring
2021-04-23,23.6633,77.5152,318.25,1.2,1.1,71.0,296.45,11.6,0.0,4,16,Spring
2021-04-24,23.73545,77.86585,334.2,1.1,1.0,71.0,312.3,15.7,0.0,4,16,Spring
2021-04-25,23.6798,77.6254,313.6,1.0,1.0,73.0,295.6,10.3,0.0,4,16,Spring
2021-04-26,23.644,77.8168,335.0,1.5,1.2,70.0,313.5,22.7,0.0,4,17,Spring
2021-04-27,23.6813,77.4547,325.1,1.4,1.2,71.0,300.15,15.95,0.0,4,17,Spring
2021-04-28,23.82195,77.72915,330.4,1.5,1.2,68.0,307.4,22.1,0.0,4,17,Spring
2021-04-29,24.19285,77.71185,332.7,1.2,1.1,70.0,308.79999999999995,16.5,0.0,4,17,Spring
2021-04-30,24.6338,77.703,327.7,1.3,1.2,70.0,303.8,16.6,0.0,4,17,Spring
2021-05-01,24.6038,77.6413,336.0,1.1,1.0,73.0,315.8,16.9,0.0,5,17,Spring
2021-05-02,24.0676,78.05314999999999,323.9,1.1,1.0,71.0,301.65,13.4,0.0,5,17,Spring
2021-05-03,23.495800000000003,78.44915,335.95,1.2,1.1,71.0,314.1,18.3,0.0,5,18,Spring
2021-05-04,23.3298,79.7653,327.0,1.6,1.2,69.0,301.7,22.7,0.0,5,18,Spring
2021-05-05,23.1731,78.1612,332.8,1.2,1.1,70.0,309.6,18.1,0.0,5,18,Spring
2021-05-06,25.0643,77.9726,333.0,1.4,1.2,75.0,312.0,20.3,0.0,5,18,Spring
2021-05-07,25.1244,78.64445,333.95000000000005,1.0,1.0,73.0,314.1,14.9,0.0,5,18,Spring
2021-05-08,25.3634,76.5481,334.4,1.1,1.0,73.0,313.7,16.2,0.0,5,18,Spring
2021-05-09,27.7156,76.9328,330.4,1.4,1.2,72.0,307.7,18.5,0.0,5,18,Spring
2021-05-10,25.721249999999998,79.24635,330.55,1.2,1.1,69.0,307.15,15.1,0.0,5,19,Spring
2021-05-11,23.5346,79.6339,325.7,1.3,1.1,69.0,302.6,16.9,0.0,5,19,Spring
2021-05-12,26.090600000000002,76.75325000000001,332.5,1.2,1.1,69.0,308.8,14.95,0.0,5,19,Spring
2021-05-13,24.6941,78.35535,324.85,1.4,1.2,66.5,301.5,17.45,0.0,5,19,Spring
2021-05-14,27.10465,77.68754999999999,330.9,1.0,1.0,69.0,307.1,12.850000000000001,0.0,5,19,Spring
2021-05-15,28.982100000000003,76.44225,330.5,1.2,1.1,72.0,308.15,15.05,0.0,5,19,Spring
2021-05-16,30.49035,75.39505,332.7,1.3,1.1,72.0,314.15,16.85,0.0,5,19,Spring
2021-05-17,29.5566,76.3896,333.6,1.3,1.1,70.0,314.5,18.5,0.0,5,20,Spring
2021-05-18,30.49845,75.51955000000001,331.2,1.7,1.3,72.0,313.8,22.6,0.0,5,20,Spring
2021-05-19,30.6302,75.2462,334.6,1.3,1.1,76.0,314.4,19.4,0.0,5,20,Spring
2021-05-20,30.4124,75.7719,332.2,1.2,1.1,74.0,316.1,18.4,0.0,5,20,Spring
2021-05-21,27.4938,77.0819,335.0,1.1,1.0,72.0,317.9,15.1,0.0,5,20,Spring
2021-05-22,29.98735,76.00975,336.25,1.0,1.0,73.0,318.35,16.9,0.0,5,20,Spring
2021-05-23,23.50375,79.5426,334.4,1.1,1.0,74.0,313.95,15.5,0.0,5,20,Spring
2021-05-24,29.9643,76.08985,334.65,1.2,1.1,71.5,315.05,16.35,0.0,5,21,Spring
2021-05-25,22.8029,79.4853,331.2,1.2,1.1,73.0,308.1,16.4,0.0,5,21,Spring
2021-05-26,24.65295,76.6905,333.9,1.35,1.15,70.0,313.95000000000005,16.85,0.0,5,21,Spring
2021-05-27,24.5123,79.2243,326.5,1.2,1.1,71.0,304.0,17.7,0.0,5,21,Spring
2021-05-28,19.5437,79.3183,333.5,1.2,1.1,66.0,309.7,14.7,0.0,5,21,Spring
2021-05-29,21.642,79.55125000000001,321.6,1.3,1.1,67.0,298.95,14.8,0.0,5,21,Spring
2021-05-30,19.6588,79.3047,323.20000000000005,1.1,1.1,69.5,297.45,14.1,0.0,5,21,Spring
2021-05-31,21.0062,78.708,326.15,1.4500000000000002,1.15,66.5,299.15,18.700000000000003,0.0,5,22,Spring
2021-06-01,20.9645,81.71770000000001,329.65,1.0,1.0,67.5,305.35,12.35,0.0,6,22,Spring
2021-06-02,20.8063,83.9938,318.5,1.9,1.3,46.0,295.0,23.8,0.0,6,22,Spring
2021-06-03,20.46815,81.21075,324.9,1.2999999999999998,1.15,58.0,300.8,15.9,0.0,6,22,Spring
2021-06-04,19.0405,84.3956,321.4,1.4,1.2,61.0,297.6,13.2,0.0,6,22,Spring
2021-06-05,20.962,81.97165,319.5,1.55,1.2,51.0,295.0,11.95,0.0,6,22,Spring
2021-06-06,20.923,81.9703,327.4,1.1,1.0,68.0,300.7,11.4,0.0,6,22,Spring
2021-06-07,23.659799999999997,79.24315,324.45000000000005,1.65,1.3,59.5,298.29999999999995,22.1,0.0,6,23,Spring
2021-06-08,23.3671,85.1568,323.8,1.1,1.0,62.0,300.6,12.9,0.0,6,23,Spring
2021-06-09,21.087899999999998,84.51895,322.95,1.5,1.2,55.0,296.79999999999995,20.950000000000003,0.0,6,23,Spring
2021-06-10,21.5663,85.1802,322.5,1.1,1.0,58.0,297.7,15.2,2.0,6,23,Spring
2021-06-11,23.7833,84.1542,315.1,1.1,1.1,41.0,290.5,10.3,0.0,6,23,Spring
2021-06-12,26.6496,79.4734,323.7,1.6,1.2,58.0,293.0,14.2,2.0,6,23,Spring
2021-06-13,13.99915,79.24719999999999,321.20000000000005,1.0,1.0,55.5,293.15,8.6,0.0,6,23,Spring
2021-06-14,23.2969,81.8626,316.0,1.9,1.3,37.0,288.7,17.5,0.0,6,24,Spring
2021-06-15,30.0239,77.2531,329.4,1.0,1.0,68.0,306.2,8.7,0.0,6,24,Spring
2021-06-16,28.5036,76.43545,327.3,1.55,1.2,70.0,303.6,12.7,0.0,6,24,Spring
2021-06-17,31.477800000000002,75.25534999999999,328.0,1.35,1.15,60.5,309.79999999999995,13.55,0.0,6,24,Spring
2021-06-18,30.82215,75.43115,320.95000000000005,1.45,1.2,61.5,300.05,13.65,0.0,6,24,Spring
2021-06-19,21.1075,84.9769,321.3,1.4,1.2,57.0,296.5,14.2,2.0,6,24,Spring
2021-06-20,14.904,77.5098,324.3,1.1,1.0,55.0,297.7,14.6,0.0,6,24,Spring
2021-06-21,27.5956,75.7295,313.5,1.2,1.1,62.0,293.4,9.2,0.0,6,25,Summer
2021-06-22,31.2209,75.2909,323.5,1.0,1.0,61.0,302.5,8.7,0.0,6,25,Summer
2021-06-23,30.8707,75.75989999999999,322.25,1.0,1.0,65.5,299.75,9.5,0.0,6,25,Summer
2021-06-24,20.7954,84.0266,319.8,1.0,1.0,61.0,297.9,10.1,2.0,6,25,Summer
2021-06-25,18.51595,78.43594999999999,318.0,1.1,1.05,40.5,297.6,12.45,0.0,6,25,Summer
2021-06-26,20.9627,85.1754,319.7,1.6,1.2,48.0,295.2,15.3,2.0,6,25,Summer
2021-06-27,14.1168,78.722,324.5,1.2,1.1,56.0,298.2,11.7,0.0,6,25,Summer
2021-06-28,27.5979,76.974,319.2,1.9,1.3,69.0,291.5,24.5,0.0,6,26,Summer
2021-06-29,27.591299999999997,95.375,313.7,1.5,1.2,69.5,290.9,20.15,0.0,6,26,Summer
2021-06-30,20.9601,85.1531,315.5,1.6,1.2,49.0,291.3,15.7,0.0,6,26,Summer
2021-07-01,21.8658,85.0414,320.5,1.0,1.0,58.0,297.5,8.3,0.0,7,26,Summer
2021-07-02,26.9867,76.80025,319.29999999999995,1.15,1.1,49.5,296.9,14.05,0.0,7,26,Summer
2021-07-03,27.5892,85.1766,315.1,1.3,1.1,56.0,289.8,9.6,0.0,7,26,Summer
2021-07-04,30.792900000000003,75.43764999999999,319.75,1.9,1.3,49.0,300.54999999999995,21.299999999999997,0.0,7,26,Summer
2021-07-05,25.75575,90.29095000000001,309.75,1.3,1.15,36.5,286.0,10.399999999999999,0.0,7,27,Summer
2021-07-06,15.306000000000001,76.8923,311.25,1.2,1.1,42.0,291.0,6.699999999999999,0.0,7,27,Summer
2021-07-07,28.318199999999997,75.81025,318.75,1.35,1.15,40.0,293.45,20.1,0.0,7,27,Summer
2021-07-08,23.30835,80.5663,319.9,1.0,1.0,56.5,293.55,8.65,0.0,7,27,Summer
2021-07-09,22.14685,82.34785,314.55,1.1,1.1,41.0,292.04999999999995,12.2,0.0,7,27,Summer
2021-07-10,22.7921,86.0103,319.9,1.1,1.0,53.0,291.5,9.8,2.0,7,27,Summer
2021-07-11,26.2104,73.98585,311.75,1.1,1.05,60.5,294.79999999999995,7.2,1.0,7,27,Summer
2021-07-12,23.76925,86.1257,311.1,1.2000000000000002,1.05,56.0,292.9,6.949999999999999,2.0,7,28,Summer
2021-07-13,27.59555,87.57585,317.55,2.05,1.4,62.5,290.75,22.65,0.0,7,28,Summer
2021-07-14,23.7775,86.3896,318.8,1.25,1.1,31.0,292.2,8.55,2.0,7,28,Summer
2021-07-15,22.5655,85.1696,315.6,1.4,1.2,59.0,290.4,15.8,2.0,7,28,Summer
2021-07-16,24.38505,81.49455,315.8,1.4,1.2,38.5,293.0,12.75,0.0,7,28,Summer
2021-07-17,23.7541,79.4807,319.3,2.0,1.4,37.0,294.4,24.6,0.0,7,28,Summer
2021-07-18,21.1919,80.40215,316.75,1.2,1.1,41.5,294.1,13.399999999999999,0.0,7,28,Summer
2021-07-19,21.58115,82.65690000000001,318.2,1.2,1.1,48.0,293.04999999999995,11.350000000000001,1.0,7,29,Summer
2021-07-20,14.11595,78.2091,319.2,1.15,1.1,46.0,293.7,11.65,0.0,7,29,Summer
2021-07-21,18.3867,77.6309,308.6,1.6,1.2,50.0,289.7,9.0,0.0,7,29,Summer
2021-07-22,12.7617,80.0884,316.7,1.0,1.0,52.0,292.6,7.9,0.0,7,29,Summer
2021-07-24,24.0628,78.4016,327.8,1.1,1.1,51.0,304.0,14.8,0.0,7,29,Summer
2021-07-25,20.9678,85.1798,309.9,1.2,1.1,47.0,293.4,7.7,2.0,7,29,Summer
2021-07-26,21.91975,83.6874,318.4,1.1,1.0,52.5,294.5,8.95,2.0,7,30,Summer
2021-07-27,21.1036,78.5031,318.0,1.3,1.1,38.0,294.6,12.6,0.0,7,30,Summer
2021-07-28,22.4524,76.3536,311.2,2.4,1.5,20.0,281.9,21.2,0.0,7,30,Summer
2021-07-29,22.7959,86.2047,310.7,2.1,1.4,45.0,283.2,14.0,2.0,7,30,Summer
2021-07-30,20.965899999999998,81.82679999999999,314.4,1.6,1.2,53.0,290.85,14.15,1.0,7,30,Summer
2021-07-31,20.9476,80.4705,319.9,1.3,1.1,38.0,297.0,12.2,0.0,7,30,Summer
2021-08-01,23.3185,85.08615,316.6,1.45,1.2,41.5,293.45000000000005,14.5,0.0,8,30,Summer
2021-08-02,22.7715,77.9452,320.0,1.1,1.0,45.0,296.9,13.3,0.0,8,31,Summer
2021-08-03,22.799300000000002,85.69645,315.45,1.2999999999999998,1.15,53.5,290.65,13.45,2.0,8,31,Summer
2021-08-04,25.3532,82.3571,319.9,1.1,1.0,52.0,297.5,11.7,0.0,8,31,Summer
2021-08-05,25.99615,74.98835,317.4,1.7999999999999998,1.3,19.5,291.75,15.65,1.0,8,31,Summer
2021-08-06,27.598399999999998,87.85415,316.25,1.5,1.2,45.5,289.4,12.600000000000001,0.0,8,31,Summer
2021-08-07,23.7233,79.2803,317.1,1.5,1.2,58.0,292.1,13.4,0.0,8,31,Summer
2021-08-08,28.9038,74.5088,322.8,1.1,1.0,42.0,299.3,14.0,0.0,8,31,Summer
2021-08-09,27.134149999999998,73.7508,318.85,1.45,1.2,32.5,290.5,15.05,0.0,8,32,Summer
2021-08-10,20.9583,85.17490000000001,311.85,1.75,1.3,40.5,291.79999999999995,11.7,2.0,8,32,Summer
2021-08-11,24.73305,80.7867,319.8,1.15,1.05,46.5,296.0,9.55,0.0,8,32,Summer
2021-08-12,30.8145,75.1769,316.4,2.6,1.6,36.0,294.4,24.5,2.0,8,32,Summer
2021-08-13,23.7589,86.3268,315.4,1.1,1.0,53.0,291.9,7.2,2.0,8,32,Summer
2021-08-14,23.77625,86.38804999999999,308.5,1.1,1.1,74.5,289.95000000000005,6.6,2.0,8,32,Summer
2021-08-15,28.8292,74.6857,318.1,1.5,1.2,32.0,296.6,16.7,0.0,8,32,Summer
2021-08-16,27.8131,72.1693,333.4,1.1,1.0,61.0,306.4,11.7,0.0,8,33,Summer
2021-08-17,29.6923,73.9479,327.4,1.0,1.0,55.0,302.9,10.5,0.0,8,33,Summer
2021-08-18,27.1925,78.989,314.4,1.05,1.0,42.5,293.7,6.65,1.0,8,33,Summer
2021-08-19,27.5949,95.38215,313.8,1.6,1.25,0.0,295.95,11.2,0.0,8,33,Summer
2021-08-20,27.5917,95.3808,308.4,1.1,1.0,57.0,292.8,7.2,0.0,8,33,Summer
2021-08-22,26.2645,75.3295,319.0,1.5,1.2,31.0,295.4,13.4,0.0,8,33,Summer
2021-08-23,11.3019,79.59405,319.9,1.0,1.0,52.0,296.55,7.449999999999999,0.0,8,34,Summer
2021-08-24,27.595599999999997,95.3834,310.25,1.75,1.3,75.5,289.1,14.7,0.0,8,34,Summer
2021-08-25,22.3313,79.9232,315.6,1.1,1.1,71.0,293.4,11.8,2.0,8,34,Summer
2021-08-26,27.844450000000002,82.9219,317.8,1.15,1.1,44.0,297.7,8.6,0.0,8,34,Summer
2021-08-27,28.333550000000002,75.711,311.4,2.1,1.4,38.5,290.85,17.35,0.0,8,34,Summer
2021-08-28,20.9582,85.8594,310.3,1.0,1.0,52.0,293.7,6.9,2.0,8,34,Summer
2021-08-29,23.7752,84.0424,316.1,1.2,1.1,58.0,295.3,11.0,2.0,8,34,Summer
2021-08-30,16.743650000000002,79.92775,319.8,1.2,1.1,58.5,300.4,9.850000000000001,0.0,8,35,Summer
2021-08-31,20.9665,85.1752,311.0,1.6,1.2,55.0,284.8,11.1,2.0,8,35,Summer
2021-09-01,15.7355,79.80404999999999,313.8,1.05,1.0,53.0,280.55,8.600000000000001,0.0,9,35,Summer
2021-09-02,23.7734,85.1758,311.8,1.3,1.1,57.0,291.7,9.3,0.0,9,35,Summer
2021-09-03,21.9204,85.1799,314.2,1.1,1.1,56.0,294.0,9.2,2.0,9,35,Summer
2021-09-04,21.040300000000002,84.85275,314.20000000000005,1.1,1.05,44.0,295.3,8.05,2.0,9,35,Summer
2021-09-05,21.7528,85.177,317.4,1.2,1.1,53.0,297.3,8.5,2.0,9,35,Summer
2021-09-06,19.0642,80.8174,316.9,1.4,1.2,49.0,295.8,13.6,0.0,9,36,Summer
2021-09-07,18.7065,83.4193,318.9,1.1,1.0,41.0,296.1,12.3,0.0,9,36,Summer
2021-09-08,18.4305,80.3366,319.4,1.1,1.0,50.0,296.9,9.6,0.0,9,36,Summer
2021-09-09,26.9605,74.3384,317.4,1.1,1.0,42.0,294.9,11.2,0.0,9,36,Summer
2021-09-10,25.7816,76.2319,317.8,1.0,1.0,45.0,300.5,8.4,2.0,9,36,Summer
2021-09-11,20.8731,84.9929,316.7,1.1,1.0,49.0,295.0,9.0,0.0,9,36,Summer
2021-09-12,20.7874,85.1633,314.0,1.1,1.0,45.0,288.1,7.5,0.0,9,36,Summer
2021-09-13,21.13505,79.6577,313.65,1.1,1.05,63.5,293.8,9.85,0.0,9,37,Summer
2021-09-14,21.2008,85.1829,316.7,1.3,1.1,42.0,289.6,10.4,2.0,9,37,Summer
2021-09-15,23.11705,81.2037,315.85,1.15,1.1,45.5,295.04999999999995,10.600000000000001,0.0,9,37,Summer
2021-09-16,23.3263,84.72685,320.29999999999995,1.1,1.0,49.0,298.4,9.7,1.0,9,37,Summer
2021-09-17,21.497799999999998,83.24035,317.0,1.1,1.1,50.0,295.8,9.0,0.0,9,37,Summer
2021-09-18,24.75725,85.38335000000001,314.35,1.25,1.15,58.0,291.9,10.85,0.0,9,37,Summer
2021-09-19,23.5598,75.096,317.8,1.0,1.0,51.0,293.6,10.8,0.0,9,37,Summer
2021-09-20,30.8973,76.8852,316.4,1.1,1.0,52.0,301.2,7.0,0.0,9,38,Summer
2021-09-21,31.58505,75.0295,322.70000000000005,1.3,1.1,55.5,306.4,14.350000000000001,0.0,9,38,Summer
2021-09-22,30.79765,76.17855,317.35,1.35,1.15,34.5,298.4,12.0,0.0,9,38,Summer
2021-09-23,23.5629,82.6528,308.35,1.2,1.1,62.0,290.15,7.95,0.0,9,38,Fall
2021-09-24,31.626649999999998,75.0305,321.3,1.3,1.1,65.0,303.05,11.1,0.0,9,38,Fall
2021-09-25,31.4634,75.0842,313.4,1.1,1.1,51.0,297.2,8.7,0.0,9,38,Fall
2021-09-26,31.62435,75.0882,322.5,1.0,1.0,65.0,303.29999999999995,9.0,0.0,9,38,Fall
2021-09-27,23.636650000000003,85.16945000000001,314.5,1.15,1.05,57.0,297.1,8.4,2.0,9,39,Fall
2021-09-28,26.43535,76.82185,317.95,1.1,1.0,63.0,301.3,8.7,0.0,9,39,Fall
2021-09-29,26.5646,80.6876,313.5,1.1,1.0,66.0,295.1,9.4,0.0,9,39,Fall
2021-09-30,31.372700000000002,75.80275,317.0,1.5,1.2,64.5,303.54999999999995,11.55,0.0,9,39,Fall
2021-10-01,29.7576,76.6562,320.7,1.6,1.2,66.0,303.5,14.2,0.0,10,39,Fall
2021-10-02,31.5221,75.1406,316.9,1.3,1.1,64.0,302.6,12.5,0.0,10,39,Fall
2021-10-03,31.4307,75.116,321.1,1.1,1.1,68.0,305.2,10.9,0.0,10,39,Fall
2021-10-04,30.2699,75.5802,316.4,1.2,1.1,65.0,303.2,9.9,0.0,10,40,Fall
2021-10-05,30.9861,75.3009,320.4,1.0,1.0,66.0,306.4,9.0,0.0,10,40,Fall
2021-10-06,28.8577,76.1418,318.3,1.1,1.0,61.0,302.3,10.6,0.0,10,40,Fall
2021-10-07,30.89895,76.0839,318.0,1.2,1.1,62.0,305.1,9.7,0.0,10,40,Fall
2021-10-08,23.70025,77.74105,314.4,1.2,1.1,59.0,296.85,9.6,0.0,10,40,Fall
2021-10-09,28.9112,78.4332,316.0,1.6,1.2,65.0,302.6,12.8,0.0,10,40,Fall
2021-10-10,31.10275,75.4861,317.95,1.3,1.1,60.0,304.05,10.8,0.0,10,40,Fall
2021-10-11,30.07145,76.77735,317.1,1.35,1.15,66.0,302.29999999999995,11.8,0.0,10,41,Fall
2021-10-12,30.6643,75.2366,319.2,1.0,1.0,64.0,305.4,8.7,0.0,10,41,Fall
2021-10-13,30.326050000000002,76.88365,316.45,1.1,1.0,64.5,299.9,8.75,0.0,10,41,Fall
2021-10-14,30.75045,75.41745,318.6,1.1,1.0,65.0,304.4,9.2,0.0,10,41,Fall
2021-10-15,29.528,76.5267,316.6,1.3,1.1,61.0,300.4,10.6,0.0,10,41,Fall
2021-10-16,30.2685,76.17955,317.4,1.4,1.2,64.0,304.0,12.5,0.0,10,41,Fall
2021-10-17,30.87725,75.2976,318.7,1.6,1.2,63.0,303.75,15.149999999999999,0.0,10,41,Fall
2021-10-18,30.6806,75.5526,317.0,1.85,1.3,64.0,303.4,17.85,0.0,10,42,Fall
2021-10-19,30.8093,74.9686,319.3,1.1,1.0,65.0,305.0,10.3,0.0,10,42,Fall
2021-10-20,30.7073,75.9961,316.3,1.1,1.0,64.0,303.2,8.9,0.0,10,42,Fall
2021-10-21,30.67925,75.34665,319.1,1.0,1.0,66.0,303.55,8.8,0.0,10,42,Fall
2021-10-22,30.415750000000003,75.2615,315.75,1.1,1.1,59.0,299.8,11.55,0.0,10,42,Fall
2021-10-23,30.5959,75.4449,317.1,1.3,1.1,64.0,302.1,10.8,0.0,10,42,Fall
2021-10-24,30.4782,75.2188,316.9,1.9,1.4,61.0,301.4,18.0,0.0,10,42,Fall
2021-10-25,30.3984,75.8217,316.0,1.9,1.3,63.0,301.8,16.1,0.0,10,43,Fall
2021-10-26,30.5962,75.251,317.6,1.3,1.1,64.0,301.3,13.1,0.0,10,43,Fall
2021-10-27,30.42585,75.4802,314.5,1.4,1.2,65.0,301.9,17.549999999999997,0.0,10,43,Fall
2021-10-28,30.46885,75.43039999999999,319.6,1.0,1.0,66.0,303.6,9.9,0.0,10,43,Fall
2021-10-29,30.2008,75.7498,315.0,1.1,1.0,62.0,299.4,10.9,0.0,10,43,Fall
2021-10-30,30.405450000000002,75.5459,318.9,1.1,1.0,65.0,301.3,11.0,0.0,10,43,Fall
2021-10-31,30.2979,75.614,316.6,2.3,1.5,60.0,301.3,21.4,0.0,10,43,Fall
2021-11-01,30.33475,75.62455,318.3,1.6,1.2,64.0,302.5,16.5,0.0,11,44,Fall
2021-11-02,30.3143,75.3703,318.8,1.6,1.2,61.0,301.7,16.9,0.0,11,44,Fall
2021-11-03,30.18105,75.67095,315.0,2.4,1.5,62.0,300.6,20.7,0.0,11,44,Fall
2021-11-04,30.3701,75.36355,321.9,1.1,1.1,66.0,302.0,13.5,0.0,11,44,Fall
2021-11-05,30.2902,75.56615,315.9,1.2,1.1,63.0,301.9,14.649999999999999,0.0,11,44,Fall
2021-11-06,30.34375,75.4419,321.4,1.0,1.0,66.0,302.8,11.1,0.0,11,44,Fall
2021-11-07,30.31135,75.39500000000001,316.3,2.9,1.6,59.0,300.4,25.8,0.0,11,44,Fall
2021-11-08,30.2632,75.4948,319.4,1.3,1.1,64.0,303.5,12.9,0.0,11,45,Fall
2021-11-09,30.3026,75.288,317.0,2.0,1.4,62.0,300.4,20.4,0.0,11,45,Fall
2021-11-10,30.20235,75.52805000000001,317.3,2.0,1.4,63.0,302.5,19.3,0.0,11,45,Fall
2021-11-11,30.31995,75.2184,318.35,1.3,1.1,64.0,301.0,12.9,0.0,11,45,Fall
2021-11-12,26.0985,75.87755,314.6,1.7,1.3,59.0,300.2,13.9,0.0,11,45,Fall
2021-11-13,30.348,75.2649,317.8,1.0,1.0,65.0,300.5,9.4,0.0,11,45,Fall
2021-11-14,23.7754,78.2644,317.1,1.4,1.2,62.0,300.1,15.7,0.0,11,45,Fall
2021-11-15,28.0984,77.9041,316.7,1.1,1.0,63.0,297.6,9.4,0.0,11,46,Fall
2021-11-16,22.1627,79.50104999999999,318.45,1.2,1.1,64.0,300.95000000000005,10.4,0.0,11,46,Fall
2021-11-17,23.503,79.6702,315.9,1.2,1.1,63.0,300.6,9.5,0.0,11,46,Fall
2021-11-18,30.11,74.6625,316.5,1.4,1.2,64.0,299.9,12.7,0.0,11,46,Fall
2021-11-19,27.5365,75.3771,311.2,1.7,1.3,62.0,296.8,13.3,0.0,11,46,Fall
2021-11-20,30.20765,74.98415,316.0,1.1,1.0,64.0,298.7,8.75,0.0,11,46,Fall
2021-11-21,29.4362,75.75845,311.0,1.45,1.2,59.0,297.5,14.1,0.0,11,46,Fall
2021-11-22,23.33065,78.97835,315.55,1.1,1.0,62.0,299.2,8.649999999999999,0.0,11,47,Fall
2021-11-23,23.5063,76.3666,315.1,1.1,1.1,61.0,300.3,8.9,0.0,11,47,Fall
2021-11-24,23.3797,79.9049,314.65,1.0,1.0,61.0,300.2,8.350000000000001,0.0,11,47,Fall
2021-11-25,19.06815,76.7013,316.45,1.1,1.1,61.0,301.15,9.1,0.0,11,47,Fall
2021-11-26,25.6877,79.4454,311.1,1.2,1.1,61.0,291.7,9.0,0.0,11,47,Fall
2021-11-27,29.6482,74.91444999999999,313.85,1.2,1.1,61.5,299.65,9.1,0.0,11,47,Fall
2021-11-28,25.0639,83.76,312.9,1.2,1.1,59.0,300.6,9.0,0.0,11,47,Fall
2021-11-29,25.4393,78.274,315.1,1.1,1.0,62.0,300.7,9.0,0.0,11,48,Fall
2021-11-30,25.0614,79.0574,312.2,1.3,1.1,57.0,297.2,10.2,0.0,11,48,Fall
2021-12-01,23.2025,79.2096,314.7,1.1,1.0,59.0,300.1,8.1,0.0,12,48,Fall
2021-12-02,21.9224,76.731,314.8,1.1,1.0,61.0,301.1,9.1,0.0,12,48,Fall
2021-12-03,25.1284,82.6575,311.6,1.1,1.0,57.0,297.3,6.9,0.0,12,48,Fall
2021-12-04,21.0875,78.603,314.25,1.2,1.1,59.5,300.7,9.3,0.0,12,48,Fall
2021-12-05,22.1329,83.3749,314.0,1.1,1.1,60.0,299.8,8.9,0.0,12,48,Fall
2021-12-06,21.1251,79.08845,316.2,1.1,1.0,61.0,302.2,9.1,0.0,12,49,Fall
2021-12-07,23.074350000000003,83.6354,314.1,1.4,1.2,60.0,301.15,10.0,0.0,12,49,Fall
2021-12-08,21.1059,80.4968,316.9,1.2,1.1,63.0,303.4,9.5,0.0,12,49,Fall
2021-12-09,20.95765,78.58445,315.15,1.2,1.1,60.0,299.2,9.35,0.0,12,49,Fall
2021-12-10,21.5108,82.0617,315.9,1.1,1.0,62.0,301.1,8.1,0.0,12,49,Fall
2021-12-11,20.903,79.5895,314.4,1.1,1.0,60.0,299.2,8.5,0.0,12,49,Fall
2021-12-12,20.96265,82.88875,314.29999999999995,1.1,1.1,62.0,299.1,9.3,0.0,12,49,Fall
2021-12-13,20.8885,79.6857,316.1,1.1,1.0,59.0,298.3,8.2,0.0,12,50,Fall
2021-12-14,23.2834,85.93235,311.9,1.0,1.0,59.0,297.2,6.65,0.0,12,50,Fall
2021-12-15,18.3198,76.9521,314.0,1.1,1.0,58.0,297.0,8.0,0.0,12,50,Fall
2021-12-16,21.72715,85.03275,312.4,1.2,1.1,60.0,297.35,8.8,0.0,12,50,Fall
2021-12-17,22.8068,80.7411,310.4,1.1,1.0,59.0,296.0,7.3,0.0,12,50,Fall
2021-12-18,21.314700000000002,77.61715,312.3,1.1,1.0,60.0,297.45,8.649999999999999,0.0,12,50,Fall
2021-12-19,21.8197,82.6431,313.8,1.0,1.0,63.0,301.1,8.4,0.0,12,50,Fall
2021-12-20,20.81475,77.90785,314.1,1.2,1.1,62.0,300.45,9.8,0.0,12,51,Fall
2021-12-21,21.7812,82.9245,314.3,1.2,1.1,63.5,301.6,9.25,0.0,12,51,Winter
2021-12-22,21.5938,79.5792,313.7,1.1,1.1,62.0,299.7,9.0,0.0,12,51,Winter
2021-12-23,23.24325,82.36195000000001,311.79999999999995,1.3,1.1,61.0,299.5,9.8,0.0,12,51,Winter
2021-12-24,21.4077,79.7489,314.1,1.2,1.1,62.0,299.4,9.3,0.0,12,51,Winter
2021-12-25,21.7306,77.18125,312.95,1.2,1.1,61.0,299.8,9.649999999999999,0.0,12,51,Winter
2021-12-26,21.8626,82.2765,312.4,1.1,1.0,62.0,298.9,8.1,0.0,12,51,Winter
2021-12-27,21.1056,77.9547,313.1,1.1,1.1,58.0,297.8,9.1,0.0,12,52,Winter
2021-12-28,21.668,82.7786,313.0,1.1,1.1,62.0,299.9,8.3,0.0,12,52,Winter
2021-12-29,21.95055,79.87174999999999,313.6,1.1,1.0,61.0,298.2,9.149999999999999,0.0,12,52,Winter
2021-12-30,22.9743,86.0885,312.3,1.3,1.1,63.0,297.8,11.7,0.0,12,52,Winter
2021-12-31,21.9124,80.3166,311.7,1.2,1.1,60.0,297.2,9.4,0.0,12,52,Winter
2022-01-01,22.5997,79.5111,310.0,1.2,1.1,57.0,296.85,8.75,0.0,1,52,Winter
2022-01-02,21.7986,82.9094,313.2,1.2,1.1,63.0,298.3,9.1,0.0,1,52,Winter
2022-01-03,21.8962,83.9621,314.2,1.1,1.0,64.0,297.7,11.8,0.0,1,1,Winter
2022-01-04,21.625549999999997,85.17734999999999,315.45,1.2,1.1,65.0,298.55,9.8,0.0,1,1,Winter
2022-01-05,25.5253,94.0701,313.25,1.1,1.0,66.0,295.5,10.7,0.0,1,1,Winter
2022-01-06,22.386899999999997,86.18305000000001,317.1,1.1,1.0,64.0,298.1,9.55,0.0,1,1,Winter
2022-01-07,26.5157,86.14375,313.05,1.3,1.1,61.0,294.75,15.4,0.0,1,1,Winter
2022-01-08,24.401899999999998,91.9279,307.6,1.6,1.2,59.0,292.9,11.7,0.0,1,1,Winter
2022-01-09,21.7367,82.5277,317.1,1.2,1.1,62.0,300.4,10.4,0.0,1,1,Winter
2022-01-10,21.5424,78.6777,313.6,1.1,1.1,54.0,295.5,9.3,0.0,1,2,Winter
2022-01-11,21.0772,81.6666,312.9,1.0,1.0,61.0,297.9,8.4,0.0,1,2,Winter
2022-01-12,23.01345,79.1178,310.35,1.1,1.0,58.0,292.65,8.8,0.0,1,2,Winter
2022-01-13,21.7393,82.79595,315.85,1.1,1.0,63.0,302.4,9.2,0.0,1,2,Winter
2022-01-14,21.2162,78.3867,316.2,1.1,1.0,63.0,302.1,9.0,0.0,1,2,Winter
2022-01-15,21.72515,83.05265,314.7,1.6,1.2,63.5,300.95,12.850000000000001,0.0,1,2,Winter
2022-01-16,21.7238,78.9515,315.8,1.2,1.1,63.0,301.0,10.9,0.0,1,2,Winter
2022-01-17,21.2419,76.1239,314.5,1.2,1.1,60.0,299.3,11.6,0.0,1,3,Winter
2022-01-18,21.80215,80.68584999999999,313.35,1.1,1.0,62.0,294.05,9.4,0.0,1,3,Winter
2022-01-19,21.2216,77.4079,314.5,1.1,1.1,62.0,298.9,10.6,0.0,1,3,Winter
2022-01-20,21.7342,80.2204,311.3,1.0,1.0,63.0,293.3,7.9,0.0,1,3,Winter
2022-01-21,19.4022,77.2099,318.6,1.2,1.1,63.0,303.1,11.3,0.0,1,3,Winter
2022-01-22,21.8179,82.89625000000001,317.2,1.2,1.1,64.0,304.5,9.850000000000001,0.0,1,3,Winter
2022-01-23,21.26035,77.37795,317.8,1.2,1.1,60.0,303.5,10.3,0.0,1,3,Winter
2022-01-24,21.60885,80.2504,315.7,1.5,1.2,61.0,302.25,13.399999999999999,0.0,1,4,Winter
2022-01-25,21.1112,78.15010000000001,317.7,1.1,1.1,62.0,301.6,10.9,0.0,1,4,Winter
2022-01-26,21.305149999999998,77.8862,315.6,1.1,1.1,61.0,299.65,10.0,0.0,1,4,Winter
2022-01-27,22.017,79.4516,309.5,1.0,1.0,60.0,293.3,8.0,0.0,1,4,Winter
2022-01-28,20.7117,78.07365,315.25,1.1,1.0,62.5,299.6,9.55,0.0,1,4,Winter
2022-01-29,24.465,78.9197,308.2,1.2,1.1,60.0,291.8,10.0,0.0,1,4,Winter
2022-01-30,22.334200000000003,77.6404,317.55,1.2,1.1,63.0,300.75,11.05,0.0,1,4,Winter
2022-01-31,21.8505,82.4646,313.3,1.3,1.1,60.0,300.2,10.5,0.0,1,5,Winter
2022-02-01,21.6336,77.7784,318.6,1.1,1.1,62.0,303.6,11.0,0.0,2,5,Winter
2022-02-02,22.114,77.4733,316.3,1.3,1.1,63.0,301.6,12.3,0.0,2,5,Winter
2022-02-03,21.4191,80.2811,318.8,1.1,1.1,63.0,304.15,10.649999999999999,0.0,2,5,Winter
2022-02-04,21.9234,78.6725,317.7,1.1,1.0,65.0,302.3,11.3,0.0,2,5,Winter
2022-02-05,20.963500000000003,82.31335,318.8,1.0,1.0,66.0,304.05,10.149999999999999,0.0,2,5,Winter
2022-02-06,20.79045,79.20455000000001,317.15,1.1,1.05,63.0,301.85,10.6,0.0,2,5,Winter
2022-02-07,21.42995,78.83420000000001,315.4,1.3,1.1,61.5,301.70000000000005,11.7,0.0,2,6,Winter
2022-02-08,20.0171,78.0918,320.2,1.1,1.1,64.0,304.4,12.0,0.0,2,6,Winter
2022-02-09,23.06105,86.38855000000001,316.85,1.6,1.2,65.5,299.15,15.149999999999999,0.0,2,6,Winter
2022-02-10,21.6593,78.51965000000001,320.7,1.2,1.1,63.0,304.6,11.8,0.0,2,6,Winter
2022-02-11,22.8928,79.5538,317.9,1.1,1.1,65.0,300.0,11.6,0.0,2,6,Winter
2022-02-12,21.2279,79.3979,315.1,1.1,1.1,64.0,294.9,11.4,0.0,2,6,Winter
2022-02-13,21.4524,78.8709,320.4,1.1,1.0,66.0,302.9,12.1,0.0,2,6,Winter
2022-02-14,21.4995,82.17945,318.85,1.1,1.0,64.0,301.75,10.850000000000001,0.0,2,7,Winter
2022-02-15,20.5958,79.0608,320.9,1.2,1.1,64.0,302.4,12.5,0.0,2,7,Winter
2022-02-16,23.9245,86.7646,316.7,1.8,1.3,65.0,298.1,17.1,0.0,2,7,Winter
2022-02-17,18.7243,78.578,321.4,1.1,1.0,65.5,303.0,11.55,0.0,2,7,Winter
2022-02-18,25.0905,92.4973,316.6,1.3,1.1,66.0,298.45,14.6,0.0,2,7,Winter
2022-02-19,28.179049999999997,78.1532,313.45,1.1,1.0,63.0,298.25,8.55,0.0,2,7,Winter
2022-02-20,23.1931,78.54785000000001,317.20000000000005,1.1,1.0,63.5,299.4,11.0,0.0,2,7,Winter
2022-02-21,22.79355,82.67405,315.9,1.1,1.0,63.0,299.55,10.0,0.0,2,8,Winter
2022-02-22,25.1966,92.6762,318.2,1.1,1.1,65.0,299.6,12.8,0.0,2,8,Winter
2022-02-23,22.4581,85.947,320.9,1.2,1.1,64.0,303.2,13.1,0.0,2,8,Winter
2022-02-24,21.6429,80.1286,323.2,1.2,1.1,63.0,306.7,13.3,0.0,2,8,Winter
2022-02-25,22.4958,86.39760000000001,322.55,1.3,1.1,65.0,306.7,14.3,0.0,2,8,Winter
2022-02-26,20.9736,79.8488,325.0,1.1,1.0,66.0,309.4,12.8,0.0,2,8,Winter
2022-02-27,22.27215,85.1806,322.45,1.15,1.1,66.0,304.9,16.35,0.0,2,8,Winter
2022-02-28,20.795450000000002,82.3937,325.75,1.1,1.1,66.0,309.8,12.7,0.0,2,9,Winter
2022-03-01,23.005,84.1275,324.9,1.1,1.1,69.0,303.7,17.1,0.0,3,9,Winter
2022-03-02,21.4338,83.3486,323.8,1.1,1.1,65.0,307.6,12.7,0.0,3,9,Winter
2022-03-03,19.7924,79.11580000000001,326.3,1.2,1.1,66.0,309.55,15.2,0.0,3,9,Winter
2022-03-04,22.0316,84.6774,323.4,1.3,1.1,65.0,307.7,14.9,0.0,3,9,Winter
2022-03-05,21.06205,80.2889,326.8,1.2,1.1,66.0,309.2,15.3,0.0,3,9,Winter
2022-03-06,21.8581,84.77985000000001,320.1,1.3,1.1,64.0,301.1,14.1,0.0,3,9,Winter
2022-03-07,20.5612,82.71035,326.0,1.1,1.1,62.0,310.2,12.55,0.0,3,10,Winter
2022-03-08,22.3812,82.4252,325.4,1.1,1.0,68.0,305.7,16.6,0.0,3,10,Winter
2022-03-09,21.8032,83.2039,324.2,1.2,1.1,64.5,306.3,13.149999999999999,0.0,3,10,Winter
2022-03-10,22.33135,79.5903,326.6,1.2,1.1,67.0,306.1,15.9,0.0,3,10,Winter
2022-03-11,22.68045,85.31735,324.1,2.0,1.4,69.0,303.7,25.1,0.0,3,10,Winter
2022-03-12,22.510199999999998,85.41364999999999,327.7,1.6,1.2,72.0,302.1,22.1,0.0,3,10,Winter
2022-03-13,23.873649999999998,92.63845,326.5,1.4,1.2,75.0,302.2,28.95,0.0,3,10,Winter
2022-03-14,18.2091,79.1635,327.8,1.1,1.0,65.0,310.6,13.8,0.0,3,11,Winter
2022-03-15,23.729599999999998,92.6318,330.95,1.0,1.0,79.0,303.0,25.85,0.0,3,11,Winter
2022-03-16,20.5546,82.7182,325.4,1.1,1.1,63.0,308.6,12.9,0.0,3,11,Winter
2022-03-17,24.6089,92.6623,323.9,1.1,1.0,70.0,303.3,15.1,0.0,3,11,Winter
2022-03-18,24.2303,90.4259,322.6,1.3,1.2,68.0,300.7,21.1,0.0,3,11,Winter
2022-03-19,24.98185,92.40135000000001,324.7,1.3,1.1,70.0,296.65,18.6,0.0,3,11,Winter
2022-03-20,24.3633,91.0746,321.9,1.6,1.2,70.0,297.7,22.5,0.0,3,11,
2022-03-21,19.769750000000002,80.28735,326.2,1.2,1.1,65.0,306.45,13.8,0.0,3,12,Spring
2022-03-22,25.247549999999997,92.4355,326.4,1.2,1.1,73.0,303.4,20.6,0.0,3,12,Spring
2022-03-23,23.990949999999998,90.10815,323.3,1.5,1.2,68.0,301.3,20.25,0.0,3,12,Spring
2022-03-24,24.3698,92.4833,324.7,1.0,1.0,69.0,302.4,15.4,0.0,3,12,Spring
2022-03-25,23.7804,83.9098,325.1,1.2,1.1,66.0,304.6,15.4,0.0,3,12,Spring
2022-03-26,24.0894,90.7211,326.3,1.2,1.1,68.0,306.4,15.4,0.0,3,12,Spring
2022-03-27,23.90605,87.30709999999999,325.65,1.4,1.2,65.0,304.05,19.45,0.0,3,12,Spring
2022-03-28,22.3453,80.0761,330.5,1.2,1.1,66.0,312.5,16.4,0.0,3,13,Spring
2022-03-29,23.7651,91.3476,325.2,1.3,1.2,70.0,303.4,19.1,0.0,3,13,Spring
2022-03-30,22.3173,80.1692,332.9,1.1,1.0,68.0,315.6,15.9,0.0,3,13,Spring
2022-03-31,22.1717,80.4809,325.5,1.5,1.2,65.0,308.8,17.8,0.0,3,13,Spring
2022-04-01,21.54055,81.13095,331.5,1.1,1.0,66.0,314.3,14.0,0.0,4,13,Spring
2022-04-02,22.85235,79.13535,330.6,1.1,1.1,65.5,314.5,15.75,0.0,4,13,Spring
2022-04-03,23.8807,80.1341,325.5,1.2,1.1,66.0,306.5,14.9,0.0,4,13,Spring
2022-04-04,23.7055,79.0267,330.9,1.2,1.1,67.0,314.4,17.0,0.0,4,14,Spring
2022-04-05,23.7716,81.8328,326.3,1.6,1.2,69.0,302.7,19.7,0.0,4,14,Spring
2022-04-06,23.2148,80.0809,331.7,1.3,1.1,70.0,312.1,20.2,0.0,4,14,Spring
2022-04-07,23.8114,82.70935,328.2,1.3,1.1,71.0,301.7,19.0,0.0,4,14,Spring
2022-04-08,22.9011,79.32355,332.1,1.1,1.0,69.0,309.55,16.05,0.0,4,14,Spring
2022-04-09,23.7779,78.3074,329.5,1.0,1.0,70.0,307.5,15.5,0.0,4,14,Spring
2022-04-10,24.26725,79.38985,325.75,1.1,1.1,67.0,306.0,14.9,0.0,4,14,Spring
2022-04-11,24.5873,78.0121,330.2,1.1,1.1,70.0,309.5,15.6,0.0,4,15,Spring
2022-04-12,24.810299999999998,79.32935,325.65,1.2,1.1,66.0,304.1,15.4,0.0,4,15,Spring
2022-04-13,24.7138,79.8452,332.8,1.4,1.2,70.0,312.1,21.6,0.0,4,15,Spring
2022-04-14,25.1671,82.7792,330.9,1.5,1.2,72.0,310.3,25.9,0.0,4,15,Spring
2022-04-15,23.9375,78.0332,332.15,1.1,1.0,70.0,307.55,16.65,0.0,4,15,Spring
2022-04-16,24.36965,79.4785,327.45,1.2,1.1,67.0,306.5,15.1,0.0,4,15,Spring
2022-04-17,23.5755,80.3261,330.1,1.2,1.1,70.0,308.0,14.4,0.0,4,15,Spring
2022-04-18,23.8957,78.3698,333.0,1.1,1.1,69.0,313.6,13.8,0.0,4,16,Spring
2022-04-19,25.3419,82.8402,333.9,1.0,1.0,73.0,314.8,17.3,0.0,4,16,Spring
2022-04-20,23.517699999999998,80.6216,333.0,1.2,1.1,69.0,312.45,16.45,0.0,4,16,Spring
2022-04-21,23.7695,81.8891,320.7,1.5,1.2,67.0,297.3,18.2,0.0,4,16,Spring
2022-04-22,23.7447,78.2421,332.6,1.1,1.1,71.0,310.5,16.3,0.0,4,16,Spring
2022-04-23,25.2179,79.4793,325.2,1.4,1.2,70.0,302.5,18.2,0.0,4,16,Spring
2022-04-24,25.2172,82.9052,332.7,1.3,1.1,71.0,313.3,19.4,0.0,4,16,Spring
2022-04-25,25.14155,82.98485,331.2,1.0,1.0,72.0,311.05,15.8,0.0,4,17,Spring
2022-04-26,25.23815,79.7179,333.75,1.3,1.1,71.0,316.3,19.35,0.0,4,17,Spring
2022-04-27,25.571399999999997,78.67150000000001,335.15,1.2,1.1,73.0,317.3,18.45,0.0,4,17,Spring
2022-04-28,25.1227,79.7333,333.3,1.5,1.2,72.0,314.2,23.2,0.0,4,17,Spring
2022-04-29,25.4097,78.8439,333.2,1.2,1.1,70.0,313.2,17.9,0.0,4,17,Spring
2022-04-30,27.161050000000003,77.47975,328.45,1.2,1.1,71.0,307.05,13.75,0.0,4,17,Spring
2022-05-01,26.87585,78.40934999999999,333.5,1.0,1.0,73.0,310.65,16.2,0.0,5,17,Spring
2022-05-02,30.2813,75.522,331.6,1.1,1.0,71.0,309.2,12.7,0.0,5,18,Spring
2022-05-03,30.0608,75.9402,331.5,1.3,1.1,70.0,308.5,16.3,0.0,5,18,Spring
2022-05-04,25.6308,77.963,330.2,1.1,1.0,68.0,305.6,12.7,0.0,5,18,Spring
2022-05-05,26.7554,76.9574,328.5,1.6,1.25,70.0,304.75,22.05,0.0,5,18,Spring
2022-05-06,25.1858,78.50845000000001,331.4,1.3,1.1,69.0,306.05,16.6,0.0,5,18,Spring
2022-05-07,30.127299999999998,75.23525000000001,328.55,1.1,1.1,71.0,305.6,14.3,0.0,5,18,Spring
2022-05-08,30.8357,75.3167,333.7,1.0,1.0,71.0,310.3,14.0,0.0,5,18,Spring
2022-05-09,30.562849999999997,74.91085000000001,331.6,1.0,1.0,72.0,308.4,11.4,0.0,5,19,Spring
2022-05-10,30.075400000000002,76.0064,331.65,1.1,1.0,73.0,309.3,13.45,0.0,5,19,Spring
2022-05-11,25.2536,76.41375,329.04999999999995,1.2,1.1,68.0,303.9,15.5,0.0,5,19,Spring
2022-05-12,21.2278,78.5034,330.3,1.4,1.2,67.0,305.2,18.9,0.0,5,19,Spring
2022-05-13,22.7129,77.8414,332.7,1.0,1.0,67.0,311.9,11.2,0.0,5,19,Spring
2022-05-14,25.2881,76.4124,328.8,1.7,1.3,74.0,305.4,21.3,0.0,5,19,Spring
2022-05-15,30.8082,75.3477,333.3,1.1,1.1,73.0,312.1,15.1,0.0,5,19,Spring
2022-05-16,30.24595,76.49215,329.15,1.1,1.05,73.0,307.5,12.25,0.0,5,20,Spring
2022-05-17,30.5946,76.29,332.2,1.0,1.0,68.0,314.6,11.3,0.0,5,20,Spring
2022-05-18,18.7561,79.5832,325.7,1.6,1.2,63.0,298.9,20.4,0.0,5,20,Spring
2022-05-19,19.56425,82.0122,324.5,1.0,1.0,62.5,296.6,11.850000000000001,0.0,5,20,Spring
2022-05-20,21.1068,76.963,324.5,1.3,1.1,61.0,298.9,13.3,0.0,5,20,Spring
2022-05-21,20.643050000000002,84.89955,327.4,1.4,1.2,67.0,299.55,18.3,0.0,5,20,Spring
2022-05-22,20.43785,80.72245,328.8,1.5,1.2,61.5,304.75,16.85,0.0,5,20,Spring
2022-05-23,22.17975,81.32035,323.95,1.4,1.2,66.5,298.6,17.45,0.0,5,21,Spring
2022-05-24,25.3674,77.4703,328.7,1.1,1.1,67.0,306.7,14.0,0.0,5,21,Spring
2022-05-25,31.03,76.2986,325.9,1.3,1.1,71.0,308.5,13.1,0.0,5,21,Spring
2022-05-26,19.45495,80.1756,330.7,1.0,1.0,73.0,304.4,14.5,0.0,5,21,Spring
2022-05-27,23.5828,77.0826,326.15,1.2,1.1,65.0,300.45000000000005,14.15,0.0,5,21,Spring
2022-05-28,20.8699,82.3643,326.7,1.2,1.1,70.0,304.6,15.6,0.0,5,21,Spring
2022-05-29,19.02,79.62975,328.2,1.1,1.1,66.0,303.7,12.75,0.0,5,21,Spring
2022-05-30,19.511450000000004,82.26225,321.95000000000005,1.45,1.2,66.5,299.0,15.25,0.0,5,22,Spring
2022-05-31,18.3828,78.94,330.3,1.1,1.0,69.0,303.6,12.1,0.0,5,22,Spring
2022-06-01,20.3812,82.7798,323.4,1.5,1.2,67.0,297.7,18.8,0.0,6,22,Spring
2022-06-02,18.5598,79.7591,327.2,1.0,1.0,60.0,298.9,11.2,0.0,6,22,Spring
2022-06-03,20.96265,81.97569999999999,320.65,1.1,1.1,68.0,297.75,9.15,0.0,6,22,Spring
2022-06-04,21.03065,82.3709,328.75,1.0,1.0,68.0,302.55,9.5,0.0,6,22,Spring
2022-06-05,20.8666,81.968,321.8,1.5,1.2,50.0,295.7,13.8,0.0,6,22,Spring
2022-06-06,20.96465,81.3155,328.15,1.35,1.15,58.0,303.45,17.799999999999997,0.0,6,23,Spring
2022-06-07,18.5882,80.1637,326.9,1.1,1.0,57.0,301.0,13.5,0.0,6,23,Spring
2022-06-08,23.3887,79.946,318.3,1.1,1.1,50.0,296.5,9.7,0.0,6,23,Spring
2022-06-09,16.48265,79.77175,326.35,1.1,1.0,63.0,300.0,9.55,0.0,6,23,Spring
2022-06-10,30.4024,74.63034999999999,318.45,1.1,1.05,49.5,296.65,10.25,0.0,6,23,Spring
2022-06-11,21.0764,82.5355,312.7,1.2,1.1,66.0,293.1,10.8,2.0,6,23,Spring
2022-06-12,24.7001,74.505,325.0,1.4,1.2,38.0,304.4,12.0,0.0,6,23,Spring
2022-06-13,27.6299,95.4516,314.9,1.3,1.1,54.0,292.4,9.3,0.0,6,24,Spring
2022-06-14,22.7523,70.9737,307.0,2.2,1.4,65.0,296.4,12.6,0.0,6,24,Spring
2022-06-15,26.2849,75.84785,322.15,1.35,1.15,70.0,301.15,17.7,0.0,6,24,Spring
2022-06-16,21.68745,79.40195,316.3,1.8,1.2999999999999998,59.0,294.0,25.15,0.0,6,24,Spring
2022-06-17,25.3097,75.4618,321.1,1.55,1.2,28.5,298.5,19.1,0.0,6,24,Spring
2022-06-18,8.754850000000001,78.0601,320.8,1.3,1.1,63.0,295.5,12.899999999999999,0.0,6,24,Spring
2022-06-19,18.7247,77.0484,321.4,1.1,1.0,58.0,299.5,9.7,0.0,6,24,Spring
2022-06-20,30.0893,74.6181,322.6,1.5,1.2,77.0,300.2,24.8,0.0,6,25,Spring
2022-06-21,18.9082,80.4236,318.04999999999995,1.4,1.2,59.5,295.04999999999995,11.25,0.0,6,25,Summer
2022-06-22,23.1082,72.6411,321.0,1.8,1.3,69.0,294.8,11.4,0.0,6,25,Summer
2022-06-23,23.1031,76.1406,327.9,1.3,1.1,64.0,302.2,12.8,0.0,6,25,Summer
2022-06-24,22.7942,86.0573,312.1,1.8,1.3,46.0,290.3,9.0,0.0,6,25,Summer
2022-06-25,22.7798,78.08224999999999,326.85,1.05,1.0,67.0,306.05,13.2,0.0,6,25,Summer
2022-06-26,20.9618,85.0578,315.6,1.4,1.2,43.0,293.7,11.0,0.0,6,25,Summer
2022-06-27,22.563,85.2602,312.4,1.1,1.0,59.0,292.5,7.6,2.0,6,26,Summer
2022-06-28,23.9281,77.05625,321.75,1.2,1.1,55.0,298.0,10.350000000000001,0.0,6,26,Summer
2022-06-29,25.28305,75.8446,324.1,1.45,1.2,63.0,299.85,16.799999999999997,0.0,6,26,Summer
2022-06-30,17.2882,77.9437,322.4,1.3,1.1,59.0,300.0,11.9,0.0,6,26,Summer
2022-07-01,31.2107,75.0854,322.3,1.4,1.2,63.0,303.4,10.9,0.0,7,26,Summer
2022-07-02,21.1069,75.6474,325.8,1.1,1.1,59.0,302.0,9.2,0.0,7,26,Summer
2022-07-03,25.577599999999997,81.52465000000001,327.2,1.8,1.2999999999999998,73.0,297.3,31.8,2.0,7,26,Summer
2022-07-04,18.52825,79.18475,322.25,1.05,1.0,54.0,297.6,9.55,0.0,7,27,Summer
2022-07-05,21.11315,85.1491,310.9,1.0,1.0,61.0,291.79999999999995,7.0,2.0,7,27,Summer
2022-07-06,21.0805,84.0207,319.4,1.3,1.1,49.0,294.6,10.2,2.0,7,27,Summer
2022-07-07,30.297,75.7982,325.2,1.3,1.2,41.0,300.4,18.4,0.0,7,27,Summer
2022-07-08,31.1186,74.7057,323.4,1.8,1.3,57.0,298.9,22.5,0.0,7,27,Summer
2022-07-09,20.96495,85.11635,318.35,1.5,1.2,52.5,294.2,14.45,0.0,7,27,Summer
2022-07-10,24.962,79.33055,317.25,1.75,1.3,58.0,291.35,17.1,1.0,7,27,Summer
2022-07-11,22.183149999999998,79.51025000000001,315.95,1.2,1.1,58.0,292.05,8.75,0.0,7,28,Summer
2022-07-12,24.43745,81.55895000000001,316.2,1.4,1.2,26.0,293.04999999999995,11.5,0.0,7,28,Summer
2022-07-13,22.5668,84.7266,307.8,1.1,1.0,60.0,292.0,6.5,2.0,7,28,Summer
2022-07-14,21.0205,85.08914999999999,310.2,1.0,1.0,60.5,293.65,7.199999999999999,2.0,7,28,Summer
2022-07-15,22.3345,85.1719,314.7,1.4,1.2,51.0,293.1,10.6,2.0,7,28,Summer
2022-07-16,22.3354,80.7848,317.0,1.8,1.3,54.0,294.2,15.6,0.0,7,28,Summer
2022-07-17,22.5029,75.3838,321.1,2.0,1.4,28.0,294.8,18.6,0.0,7,28,Summer
2022-07-18,20.870600000000003,80.48740000000001,320.6,1.1,1.05,49.5,297.2,10.4,0.0,7,29,Summer
2022-07-19,22.7725,79.2001,315.8,1.4,1.2,0.0,291.0,15.0,0.0,7,29,Summer
2022-07-20,20.444,85.0153,311.6,1.0,1.0,39.0,281.5,5.0,0.0,7,29,Summer
2022-07-21,29.08145,82.12405000000001,317.1,1.05,1.05,52.0,296.25,7.6000000000000005,1.0,7,29,Summer
2022-07-22,22.138849999999998,85.06115,315.75,1.2,1.1,65.5,294.55,10.95,0.0,7,29,Summer
2022-07-23,28.0327,95.7804,322.4,1.1,1.1,45.0,301.95,13.05,0.0,7,29,Summer
2022-07-24,28.66385,73.96515,327.35,1.5,1.2,44.0,300.05,21.049999999999997,0.0,7,29,Summer
2022-07-25,21.9795,79.8886,316.54999999999995,1.5,1.2,61.0,293.4,10.85,1.0,7,30,Summer
2022-07-26,11.50375,79.47225,317.2,4.3,1.9,49.5,291.20000000000005,56.55,0.0,7,30,Summer
2022-07-27,9.135,77.9614,330.6,1.1,1.0,75.0,300.4,15.0,0.0,7,30,Summer
2022-07-28,25.785899999999998,91.4585,318.7,2.1500000000000004,1.4,49.0,295.20000000000005,21.75,0.0,7,30,Summer
2022-07-29,28.0338,96.057,316.8,2.1,1.4,37.0,292.1,21.9,0.0,7,30,Summer
2022-07-31,19.47265,77.8691,313.65,1.05,1.0,77.0,292.9,10.0,0.0,7,30,Summer
2022-08-01,9.15815,77.95895,329.04999999999995,1.1,1.0,75.0,306.55,9.6,0.0,8,31,Summer
2022-08-02,20.7898,85.15175,314.15,1.0,1.0,48.0,293.5,7.45,1.0,8,31,Summer
2022-08-03,15.2195,79.6462,321.5,1.0,1.0,66.0,298.9,9.4,0.0,8,31,Summer
2022-08-04,27.9627,96.0477,316.9,1.2,1.1,37.0,295.0,11.4,0.0,8,31,Summer
2022-08-05,22.0082,85.2588,314.8,1.2,1.1,52.0,294.0,11.7,0.0,8,31,Summer
2022-08-06,25.64315,85.10855000000001,314.6,1.0,1.0,42.0,294.1,7.65,1.0,8,31,Summer
2022-08-07,25.2635,84.59594999999999,320.20000000000005,1.55,1.25,56.0,293.95,12.899999999999999,0.0,8,31,Summer
2022-08-08,20.96275,82.59005,312.75,1.2,1.1,59.5,293.55,8.95,2.0,8,32,Summer
2022-08-09,22.79905,84.26214999999999,318.4,1.2000000000000002,1.1,40.5,295.2,8.6,2.0,8,32,Summer
2022-08-10,20.7965,85.1707,310.5,1.6,1.3,50.0,286.1,12.5,2.0,8,32,Summer
2022-08-11,20.7874,83.2024,310.3,1.1,1.1,41.0,291.3,10.4,2.0,8,32,Summer
2022-08-12,20.9598,83.3427,317.2,1.2,1.1,36.0,295.2,15.9,2.0,8,32,Summer
2022-08-13,20.9709,85.1716,313.3,1.1,1.0,70.0,292.6,10.5,2.0,8,32,Summer
2022-08-14,20.97115,85.18610000000001,316.05,1.1,1.0,58.5,293.25,7.8,2.0,8,32,Summer
2022-08-15,20.3661,85.158,312.8,3.0,1.7,43.0,287.9,21.3,0.0,8,33,Summer
2022-08-16,29.2065,79.087,320.5,1.2,1.1,60.0,302.0,10.4,2.0,8,33,Summer
2022-08-17,23.7783,86.3903,311.7,1.1,1.1,56.0,286.7,12.4,2.0,8,33,Summer
2022-08-18,27.45965,73.7952,325.4,1.05,1.0,53.5,302.0,8.9,0.0,8,33,Summer
2022-08-19,25.57405,75.90805,329.65,1.1,1.0,58.0,298.5,11.2,1.0,8,33,Summer
2022-08-20,23.74035,86.392,319.4,1.1,1.1,56.5,293.75,9.899999999999999,2.0,8,33,Summer
2022-08-21,21.9262,85.1511,315.2,1.3,1.1,60.0,292.9,8.7,2.0,8,33,Summer
2022-08-22,21.7623,84.0235,308.5,1.1,1.0,56.0,294.2,6.6,2.0,8,34,Summer
2022-08-23,23.046599999999998,77.37585,316.6,1.25,1.1,50.5,291.8,9.05,0.0,8,34,Summer
2022-08-24,19.525750000000002,81.9159,316.8,1.2999999999999998,1.15,51.0,294.65,11.4,0.0,8,34,Summer
2022-08-25,20.7905,77.0819,315.1,1.5,1.2,46.0,293.1,10.9,2.0,8,34,Summer
2022-08-26,17.6789,78.12960000000001,316.1,1.1,1.05,65.0,290.5,12.45,0.0,8,34,Summer
2022-08-27,23.43255,77.58975000000001,323.65,1.05,1.0,49.0,298.29999999999995,11.5,1.0,8,34,Summer
2022-08-28,20.61125,78.2473,309.85,1.2,1.1,14.0,287.05,7.45,1.0,8,34,Summer
2022-08-29,21.6724,81.0651,312.29999999999995,1.1,1.0,54.5,293.8,8.7,1.0,8,35,Summer
2022-08-30,20.9774,85.1898,312.4,1.0,1.0,39.0,290.8,7.6,2.0,8,35,Summer
2022-08-31,20.9595,85.10329999999999,309.7,1.0,1.0,53.5,293.79999999999995,6.5,2.0,8,35,Summer
2022-09-01,21.923099999999998,85.1764,314.45,1.1,1.0,53.5,292.29999999999995,9.3,2.0,9,35,Summer
2022-09-02,21.0069,81.32885,315.25,1.35,1.15,44.0,295.45,10.05,1.0,9,35,Summer
2022-09-03,23.243,83.5061,320.3,1.1,1.0,48.0,297.4,11.8,0.0,9,35,Summer
2022-09-04,21.741,83.3414,316.1,1.2,1.1,53.0,294.5,9.3,0.0,9,35,Summer
2022-09-05,27.3937,80.0916,317.1,1.3,1.1,44.0,296.2,12.6,0.0,9,36,Summer
2022-09-06,28.167,86.20715,318.4,1.1,1.0,55.0,298.2,14.45,0.0,9,36,Summer
2022-09-07,20.9633,85.1696,308.0,1.0,1.0,44.0,292.5,5.1,2.0,9,36,Summer
2022-09-08,23.7818,86.2107,307.1,1.0,1.0,55.0,291.7,6.0,2.0,9,36,Summer
2022-09-09,23.68535,86.24199999999999,308.5,1.0,1.0,53.5,290.29999999999995,6.9,2.0,9,36,Summer
2022-09-10,24.89315,84.67949999999999,318.55,1.1,1.0,41.0,297.15,10.65,0.0,9,36,Summer
2022-09-11,25.3093,86.3925,314.4,1.1,1.0,37.0,293.2,8.2,0.0,9,36,Summer
2022-09-12,24.1398,86.08590000000001,318.4,1.0,1.0,52.5,296.85,8.45,0.0,9,37,Summer
2022-09-13,27.7534,95.53739999999999,317.29999999999995,1.3,1.1,55.0,297.75,12.15,0.0,9,37,Summer
2022-09-14,28.498350000000002,84.3528,323.45000000000005,1.2000000000000002,1.05,33.5,302.4,13.2,0.0,9,37,Summer
2022-09-15,27.7998,95.5335,317.0,2.1,1.4,49.0,297.9,22.5,0.0,9,37,Summer
2022-09-16,18.1828,77.4213,317.4,1.1,1.0,65.0,299.5,9.3,0.0,9,37,Summer
2022-09-17,23.6806,86.0975,305.0,1.0,1.0,57.0,289.35,4.65,2.0,9,37,Summer
2022-09-18,18.5487,80.0087,311.75,1.25,1.1,47.0,288.70000000000005,10.25,2.0,9,37,Summer
2022-09-19,23.774,84.4907,316.3,1.0,1.0,51.0,297.5,8.3,0.0,9,38,Summer
2022-09-20,23.779,86.092,317.4,1.1,1.1,52.0,295.7,9.5,0.0,9,38,Summer
2022-09-21,22.814500000000002,79.2559,312.79999999999995,2.4,1.45,32.0,291.2,19.15,0.0,9,38,Summer
2022-09-22,20.94965,81.4559,315.45000000000005,1.1,1.05,44.0,292.25,9.6,2.0,9,38,Summer
2022-09-23,23.7753,86.347,307.5,1.1,1.1,53.0,292.6,5.4,2.0,9,38,Fall
2022-09-24,22.5,85.2645,307.75,1.0,1.0,56.5,293.79999999999995,5.550000000000001,2.0,9,38,Fall
2022-09-25,23.7192,85.1596,314.0,1.5,1.2,53.0,293.6,12.7,0.0,9,38,Fall
2022-09-26,23.7733,86.39605,317.15,1.15,1.1,55.0,297.55,9.55,2.0,9,39,Fall
2022-09-27,26.563,83.7229,318.2,1.3,1.1,49.0,298.7,9.2,0.0,9,39,Fall
2022-09-28,24.1841,84.0411,312.7,1.2,1.1,35.0,293.7,7.0,0.0,9,39,Fall
2022-09-29,31.44425,74.9966,317.75,1.0,1.0,58.5,298.4,7.4,0.0,9,39,Fall
2022-09-30,24.6858,80.184,315.5,1.7,1.3,59.0,293.6,14.0,0.0,9,39,Fall
2022-10-01,27.7351,80.205,316.6,1.1,1.0,56.0,295.9,10.2,0.0,10,39,Fall
2022-10-02,20.7967,85.2496,315.2,1.6,1.2,36.0,294.1,16.1,0.0,10,39,Fall
2022-10-03,21.76,82.27985,316.55,1.1,1.0,54.0,297.54999999999995,8.5,0.0,10,40,Fall
2022-10-04,20.9621,82.9837,314.2,1.3,1.1,57.0,295.2,9.5,0.0,10,40,Fall
2022-10-05,20.90745,85.09270000000001,314.95,1.3,1.1,42.5,295.29999999999995,10.0,0.0,10,40,Fall
2022-10-06,30.4076,76.8551,315.5,1.1,1.1,58.0,302.0,7.7,0.0,10,40,Fall
2022-10-07,22.064549999999997,80.67585,315.3,1.2,1.1,44.0,298.75,11.15,0.0,10,40,Fall
2022-10-08,30.05585,76.41225,317.9,1.0,1.0,62.0,301.8,8.75,0.0,10,40,Fall
2022-10-09,23.7805,83.3446,313.9,1.1,1.0,61.0,296.3,7.4,0.0,10,40,Fall
2022-10-10,29.8131,76.9943,317.1,1.2,1.1,61.0,302.7,8.6,0.0,10,41,Fall
2022-10-11,23.7816,85.1706,314.0,1.1,1.0,58.0,299.1,8.1,0.0,10,41,Fall
2022-10-12,27.5089,85.0244,315.9,1.25,1.1,61.5,300.4,11.6,0.0,10,41,Fall
2022-10-13,28.1935,77.08645,317.45,1.3,1.1,61.0,302.4,11.2,0.0,10,41,Fall
2022-10-14,29.880200000000002,76.2692,316.0,1.4,1.2,62.5,303.2,10.9,0.0,10,41,Fall
2022-10-15,30.3375,76.14500000000001,319.75,1.1,1.0,64.0,305.5,8.9,0.0,10,41,Fall
2022-10-16,30.0822,76.4871,317.7,1.0,1.0,62.0,302.6,8.1,0.0,10,41,Fall
2022-10-17,23.7207,80.2275,316.9,1.0,1.0,51.0,294.4,6.7,0.0,10,42,Fall
2022-10-18,19.8181,77.9103,319.8,1.1,1.0,60.0,298.0,9.5,0.0,10,42,Fall
2022-10-19,30.89295,75.1894,315.75,1.6,1.2,64.0,301.05,13.0,0.0,10,42,Fall
2022-10-20,30.7225,75.3746,317.5,1.6,1.2,63.0,302.8,14.1,0.0,10,42,Fall
2022-10-21,30.7437,75.10375,316.6,1.7,1.3,65.0,303.0,16.9,0.0,10,42,Fall
2022-10-22,30.8565,75.2604,318.7,1.1,1.1,66.0,303.5,9.6,0.0,10,42,Fall
2022-10-23,30.6161,75.7229,315.1,1.1,1.0,64.0,299.0,8.3,0.0,10,42,Fall
2022-10-24,22.062350000000002,78.29339999999999,318.1,1.1,1.0,66.0,299.1,10.15,0.0,10,43,Fall
2022-10-25,20.962000000000003,76.60225,315.04999999999995,1.1,1.0,63.0,298.8,9.55,0.0,10,43,Fall
2022-10-26,30.12755,75.75445,314.1,1.3,1.1,60.0,299.85,9.4,0.0,10,43,Fall
2022-10-27,29.51465,76.4422,315.25,1.3,1.1,61.0,299.0,12.2,0.0,10,43,Fall
2022-10-28,30.343,75.4546,314.6,1.9,1.4,63.0,300.7,16.2,0.0,10,43,Fall
2022-10-29,30.45595,75.2396,317.4,1.3,1.1,65.0,301.9,11.9,0.0,10,43,Fall
2022-10-30,30.1933,75.28075000000001,313.35,1.5,1.2,65.0,299.4,18.950000000000003,0.0,10,43,Fall
2022-10-31,30.4461,75.277,318.8,1.0,1.0,66.0,302.5,9.4,0.0,10,44,Fall
2022-11-01,30.28895,75.172,313.6,1.0,1.0,61.0,298.4,8.0,0.0,11,44,Fall
2022-11-02,30.43705,75.24289999999999,317.8,1.1,1.1,65.0,298.6,11.2,0.0,11,44,Fall
2022-11-03,30.4211,75.2836,314.1,2.4,1.5,60.0,297.6,19.8,0.0,11,44,Fall
2022-11-04,30.42715,75.4028,317.8,1.6,1.2,64.0,301.2,16.4,0.0,11,44,Fall
2022-11-05,30.417450000000002,75.1942,319.2,1.6,1.2,62.0,299.2,19.35,0.0,11,44,Fall
2022-11-06,30.433100000000003,75.5926,314.9,2.2,1.4,64.0,298.3,19.9,0.0,11,44,Fall
2022-11-07,30.43155,75.30515,321.2,1.1,1.1,65.5,301.1,13.25,0.0,11,45,Fall
2022-11-08,30.4264,75.499,314.7,1.1,1.1,64.0,300.2,12.0,0.0,11,45,Fall
2022-11-09,30.382649999999998,75.43445,321.4,1.0,1.0,67.0,302.8,11.2,0.0,11,45,Fall
2022-11-10,30.3037,75.34514999999999,316.55,3.1,1.7,57.0,300.3,32.2,0.0,11,45,Fall
2022-11-11,30.436,75.5249,319.2,1.3,1.1,63.0,302.3,13.1,0.0,11,45,Fall
2022-11-12,30.41845,75.18025,319.6,2.0,1.4,64.0,301.3,25.4,0.0,11,45,Fall
2022-11-13,30.3656,75.4137,317.8,2.0,1.4,65.0,302.1,22.0,0.0,11,45,Fall
2022-11-14,30.3256,75.2792,319.6,1.3,1.1,67.0,302.0,13.9,0.0,11,46,Fall
2022-11-15,30.3446,75.3706,313.0,2.8,1.6,67.0,300.0,22.6,0.0,11,46,Fall
2022-11-16,30.234499999999997,75.34275,318.2,1.0,1.0,66.0,302.2,9.2,0.0,11,46,Fall
2022-11-17,30.07815,75.21665,312.25,3.6,1.8,57.0,298.6,32.55,0.0,11,46,Fall
2022-11-18,30.1167,75.4074,316.2,1.1,1.1,64.0,301.4,9.2,0.0,11,46,Fall
2022-11-19,29.679299999999998,74.90270000000001,314.15,2.3,1.5,64.0,299.5,20.3,0.0,11,46,Fall
2022-11-20,29.692,75.7108,313.7,1.6,1.2,62.0,300.7,14.5,0.0,11,46,Fall
2022-11-21,29.563650000000003,75.37344999999999,315.05,1.4,1.2,62.0,301.0,10.95,0.0,11,47,Fall
2022-11-22,25.3776,80.78385,313.45,1.2,1.1,59.0,300.0,8.649999999999999,0.0,11,47,Fall
2022-11-23,25.9867,76.23065,316.5,1.1,1.0,61.5,301.9,9.4,0.0,11,47,Fall
2022-11-24,23.79275,80.2337,313.55,1.3,1.1,61.0,300.45,9.45,0.0,11,47,Fall
2022-11-25,24.547800000000002,78.2711,316.7,1.1,1.0,61.0,302.1,8.1,0.0,11,47,Fall
2022-11-26,23.3697,79.0445,311.9,1.2,1.1,57.0,297.7,9.0,0.0,11,47,Fall
2022-11-27,25.127299999999998,79.9739,314.1,1.0,1.0,59.0,300.9,7.0,0.0,11,47,Fall
2022-11-28,21.1048,77.6756,314.8,1.1,1.0,62.0,300.3,9.3,0.0,11,48,Fall
2022-11-29,25.1132,83.44665,312.6,1.1,1.0,61.0,299.6,7.8,0.0,11,48,Fall
2022-11-30,22.7926,80.4703,311.7,1.2,1.1,61.0,297.6,8.5,0.0,11,48,Fall
2022-12-01,25.13375,83.9572,312.75,1.2,1.1,60.0,298.85,7.9,0.0,12,48,Fall
2022-12-02,22.254849999999998,82.01085,313.0,1.15,1.1,62.5,299.15,8.2,0.0,12,48,Fall
2022-12-03,23.3695,75.5309,310.4,1.1,1.0,55.0,294.7,7.7,0.0,12,48,Fall
2022-12-04,22.7776,79.2723,314.8,1.1,1.0,61.0,300.1,7.6,0.0,12,48,Fall
2022-12-05,20.96735,77.52035000000001,313.7,1.1,1.05,59.0,297.85,7.6,0.0,12,49,Fall
2022-12-06,25.124299999999998,83.40285,313.95,1.1,1.0,62.0,298.95,7.35,0.0,12,49,Fall
2022-12-07,20.11485,78.4925,313.65,1.1,1.1,62.0,299.0,8.2,0.0,12,49,Fall
2022-12-08,25.1988,83.8565,313.5,1.0,1.0,59.0,300.2,6.8,0.0,12,49,Fall
2022-12-09,21.8938,79.2169,312.9,1.1,1.0,60.0,297.3,7.8,0.0,12,49,Fall
2022-12-10,25.1299,77.0927,311.4,1.3,1.1,58.0,296.6,8.4,0.0,12,49,Fall
2022-12-11,21.743,79.2805,313.2,1.1,1.0,60.0,298.4,7.6,0.0,12,49,Fall
2022-12-12,21.0934,78.53195,311.7,1.1,1.0,58.0,297.6,8.5,0.0,12,50,Fall
2022-12-13,23.7755,83.1913,310.4,1.2,1.1,59.0,297.3,7.0,0.0,12,50,Fall
2022-12-14,21.85465,79.4985,310.9,1.2,1.1,61.0,297.35,8.4,0.0,12,50,Fall
2022-12-15,25.0238,83.5576,309.0,1.0,1.0,61.0,294.0,7.1,0.0,12,50,Fall
2022-12-16,20.7673,77.7261,312.70000000000005,1.1,1.1,60.0,297.20000000000005,8.55,0.0,12,50,Fall
2022-12-17,24.52885,83.6994,311.0,1.2,1.1,60.0,297.1,9.350000000000001,0.0,12,50,Fall
2022-12-18,20.866799999999998,80.4975,314.2,1.1,1.1,60.0,299.1,8.4,0.0,12,50,Fall
2022-12-19,21.28105,78.4359,310.4,1.3,1.1,60.5,297.55,10.3,0.0,12,51,Fall
2022-12-20,21.342,82.0064,313.5,1.1,1.1,63.0,300.2,9.1,0.0,12,51,Fall
2022-12-21,21.7654,77.9002,311.8,1.1,1.0,61.0,298.5,8.0,0.0,12,51,Winter
2022-12-22,21.3047,82.21119999999999,313.9,1.0,1.0,63.0,300.9,8.0,0.0,12,51,Winter
2022-12-23,21.1106,78.5303,312.9,1.1,1.1,58.0,299.1,8.4,0.0,12,51,Winter
2022-12-24,21.782600000000002,82.40235,312.9,1.2,1.1,60.0,299.2,9.1,0.0,12,51,Winter
2022-12-25,20.742350000000002,79.53585000000001,313.20000000000005,1.1,1.05,59.0,297.85,7.95,0.0,12,51,Winter
2022-12-26,21.3766,82.6589,311.0,1.5,1.2,57.0,296.3,11.6,0.0,12,52,Winter
2022-12-27,21.9211,80.5908,312.6,1.2,1.1,59.0,294.9,10.1,0.0,12,52,Winter
2022-12-28,19.0437,75.5413,313.6,1.1,1.0,62.0,298.0,7.8,0.0,12,52,Winter
2022-12-29,18.0246,76.77625,306.45,1.0,1.0,54.0,291.0,7.45,0.0,12,52,Winter
2022-12-30,20.7872,76.7605,313.0,1.0,1.0,60.0,294.2,7.8,0.0,12,52,Winter
2022-12-31,20.872799999999998,80.97444999999999,307.2,1.2,1.1,58.0,291.65,8.7,0.0,12,52,Winter
2023-01-01,21.11635,76.71065,313.65,1.1,1.0,58.0,296.95,8.25,0.0,1,52,Winter
2023-01-02,21.9026,82.7328,309.2,1.3,1.1,55.0,295.1,9.3,0.0,1,1,Winter
2023-01-03,21.9162,78.4392,313.1,1.1,1.1,59.0,297.4,9.4,0.0,1,1,Winter
2023-01-04,23.0044,77.8754,312.3,1.3,1.1,61.0,296.6,10.9,0.0,1,1,Winter
2023-01-05,20.9469,82.1387,312.2,1.1,1.0,62.0,297.2,9.3,0.0,1,1,Winter
2023-01-06,23.1671,86.0906,311.7,1.1,1.0,62.0,296.4,7.9,0.0,1,1,Winter
2023-01-07,21.8326,83.3477,312.2,1.1,1.0,61.0,296.2,9.2,0.0,1,1,Winter
2023-01-08,22.0931,82.2178,312.5,1.1,1.0,62.0,296.75,8.0,0.0,1,1,Winter
2023-01-09,20.9628,76.8707,310.1,1.2,1.1,63.0,293.1,10.6,0.0,1,2,Winter
2023-01-10,25.9825,85.2511,314.1,1.3,1.1,64.0,295.1,10.7,0.0,1,2,Winter
2023-01-11,23.957,77.5638,314.7,1.1,1.1,55.0,292.9,13.9,0.0,1,2,Winter
2023-01-12,17.9933,76.421,311.9,1.2,1.1,57.0,296.1,9.8,0.0,1,2,Winter
2023-01-13,17.8977,75.6664,312.2,1.1,1.1,55.0,296.4,7.5,0.0,1,2,Winter
2023-01-14,18.38725,75.50735,304.15,1.0,1.0,44.0,289.4,6.15,0.0,1,2,Winter
2023-01-15,18.8253,75.3337,312.8,1.1,1.0,55.0,297.5,7.4,0.0,1,2,Winter
2023-01-16,19.3864,76.6528,306.9,1.1,1.1,58.0,290.8,7.7,0.0,1,3,Winter
2023-01-17,20.96185,77.31684999999999,313.15,1.1,1.0,61.5,297.25,9.3,0.0,1,3,Winter
2023-01-18,21.917,83.3526,310.3,1.3,1.1,56.0,297.7,9.9,0.0,1,3,Winter
2023-01-19,20.9676,78.3657,314.7,1.1,1.1,60.0,297.9,9.5,0.0,1,3,Winter
2023-01-20,19.5019,75.8251,314.2,1.2,1.1,60.0,300.8,10.8,0.0,1,3,Winter
2023-01-21,19.19245,77.72704999999999,312.0,1.1,1.0,58.5,294.9,8.75,0.0,1,3,Winter
2023-01-22,17.6552,76.9517,317.2,1.1,1.0,64.5,302.4,9.6,0.0,1,3,Winter
2023-01-23,17.78215,75.699,307.0,1.0,1.0,63.5,289.35,8.25,0.0,1,4,Winter
2023-01-24,18.3606,76.5191,314.8,1.1,1.0,59.0,298.5,8.6,0.0,1,4,Winter
2023-01-25,26.5764,75.3989,312.8,1.2,1.1,58.0,296.8,10.3,0.0,1,4,Winter
2023-01-26,18.7421,75.66929999999999,318.1,1.1,1.0,61.0,302.05,10.7,0.0,1,4,Winter
2023-01-27,21.82465,75.77165,310.85,1.2,1.1,59.0,297.2,9.4,0.0,1,4,Winter
2023-01-28,20.9684,78.18645000000001,314.65,1.1,1.0,61.0,300.35,9.45,0.0,1,4,Winter
2023-01-29,19.4865,76.0662,316.0,1.1,1.0,62.0,301.6,9.1,0.0,1,4,Winter
2023-01-30,20.86795,79.90440000000001,312.65,1.0,1.0,61.5,297.54999999999995,8.3,0.0,1,5,Winter
2023-01-31,19.4237,77.66485,317.5,1.1,1.0,62.0,302.1,9.1,0.0,1,5,Winter
2023-02-01,21.9203,81.9034,312.0,1.1,1.1,60.0,295.7,9.7,0.0,2,5,Winter
2023-02-02,17.9736,77.096,320.0,1.1,1.0,61.0,305.1,9.7,0.0,2,5,Winter
2023-02-03,21.97,78.7686,315.0,1.5,1.2,61.0,298.2,12.9,0.0,2,5,Winter
2023-02-04,16.6501,77.0824,324.6,1.1,1.0,66.0,308.0,11.1,0.0,2,5,Winter
2023-02-05,19.1082,75.55615,318.45,1.2,1.1,64.0,303.1,12.899999999999999,0.0,2,5,Winter
2023-02-06,20.9417,78.6621,315.7,1.1,1.0,62.0,300.9,9.2,0.0,2,6,Winter
2023-02-07,17.997149999999998,77.35595,319.1,1.1,1.0,59.0,302.45,9.2,0.0,2,6,Winter
2023-02-08,20.806,77.8713,310.15,1.1,1.0,59.0,292.79999999999995,7.35,0.0,2,6,Winter
2023-02-09,18.7078,77.8771,318.0,1.1,1.1,63.0,301.0,10.6,0.0,2,6,Winter
2023-02-10,22.8307,74.71345,314.65,1.2,1.1,58.0,295.9,11.95,0.0,2,6,Winter
2023-02-11,18.40895,76.56205,321.2,1.1,1.0,63.0,303.3,10.5,0.0,2,6,Winter
2023-02-12,21.0232,76.6658,313.6,1.5,1.2,63.0,298.4,13.0,0.0,2,6,Winter
2023-02-13,20.238599999999998,77.8032,317.9,1.1,1.0,62.0,302.54999999999995,10.05,0.0,2,7,Winter
2023-02-14,23.77855,79.8632,317.45,1.1,1.1,63.5,300.4,10.2,0.0,2,7,Winter
2023-02-15,22.90505,80.76044999999999,311.0,1.1,1.0,63.0,294.4,8.95,0.0,2,7,Winter
2023-02-16,25.1724,90.29724999999999,316.85,1.1,1.0,64.5,298.1,9.649999999999999,0.0,2,7,Winter
2023-02-17,22.91845,79.97925000000001,311.9,1.2,1.1,62.0,294.75,12.1,0.0,2,7,Winter
2023-02-18,23.570050000000002,81.37174999999999,318.15,1.1,1.1,65.0,298.8,12.75,0.0,2,7,Winter
2023-02-19,23.92015,89.14425,313.65,1.8,1.3,62.0,296.15,18.25,0.0,2,7,Winter
2023-02-20,15.4639,77.8312,325.6,1.1,1.0,64.0,307.3,12.5,0.0,2,8,Winter
2023-02-21,20.369,76.9635,317.6,1.2,1.1,59.0,297.9,12.9,0.0,2,8,Winter
2023-02-22,18.2945,78.8828,320.9,1.1,1.1,62.0,305.4,10.8,0.0,2,8,Winter
2023-02-23,20.7953,78.072,322.5,1.1,1.0,65.0,303.4,12.3,0.0,2,8,Winter
2023-02-24,18.775,79.0211,313.4,1.1,1.0,61.0,294.3,10.4,0.0,2,8,Winter
2023-02-25,16.0737,78.0721,324.7,1.1,1.1,66.0,308.1,13.0,0.0,2,8,Winter
2023-02-26,20.9533,78.59219999999999,313.05,1.4,1.2,60.0,296.45,12.100000000000001,0.0,2,8,Winter
2023-02-27,16.3677,78.0366,325.9,1.1,1.0,64.0,308.2,12.4,0.0,2,9,Winter
2023-02-28,23.265749999999997,80.619,318.6,1.4,1.2,63.0,296.3,17.549999999999997,0.0,2,9,Winter
2023-03-01,16.44265,78.79339999999999,323.9,1.1,1.1,64.0,306.2,13.6,0.0,3,9,Winter
2023-03-02,23.39535,81.5106,318.65,1.2,1.1,64.0,300.5,13.5,0.0,3,9,Winter
2023-03-03,17.606499999999997,78.29355000000001,317.35,1.1,1.0,64.0,296.7,11.5,0.0,3,9,Winter
2023-03-04,19.9602,79.12945,323.1,1.1,1.1,66.0,303.04999999999995,13.0,0.0,3,9,Winter
2023-03-05,23.78975,85.2185,315.05,1.3,1.1,65.0,295.9,13.6,0.0,3,9,Winter
2023-03-06,18.3599,78.8698,323.8,1.1,1.1,66.0,304.2,14.1,0.0,3,10,Winter
2023-03-07,25.2675,92.6694,319.1,1.7,1.3,68.0,300.1,21.9,0.0,3,10,Winter
2023-03-08,23.885550000000002,92.61225,324.4,1.7,1.3,69.0,298.9,23.4,0.0,3,10,Winter
2023-03-09,25.2362,92.9612,321.3,1.2,1.1,70.0,301.9,18.4,0.0,3,10,Winter
2023-03-10,21.544,82.7587,322.2,1.4,1.2,66.0,299.4,18.2,0.0,3,10,Winter
2023-03-11,24.273600000000002,92.9864,324.45,1.0,1.0,73.5,301.2,18.2,0.0,3,10,Winter
2023-03-12,21.395899999999997,83.04055,320.85,1.4,1.2,65.5,299.4,20.65,0.0,3,10,Winter
2023-03-13,18.8547,79.04315,325.3,1.1,1.1,66.0,306.2,14.45,0.0,3,11,Winter
2023-03-14,23.30955,92.48615000000001,324.85,2.0,1.4,74.0,301.9,37.6,0.0,3,11,Winter
2023-03-15,22.9806,92.62015,329.7,2.1,1.4,75.0,301.7,36.5,0.0,3,11,Winter
2023-03-16,25.0068,92.52895000000001,322.45,1.3,1.1,70.0,302.75,18.3,0.0,3,11,Winter
2023-03-17,19.3989,80.2804,330.0,1.1,1.0,67.0,312.3,16.2,0.0,3,11,Winter
2023-03-18,25.219549999999998,92.61255,326.55,1.0,1.0,72.0,304.0,18.1,0.0,3,11,Winter
2023-03-19,22.1952,84.1327,323.7,1.2,1.1,65.0,304.5,13.8,0.0,3,11,Winter
2023-03-20,25.2635,92.36595,324.8,1.1,1.0,70.0,304.8,14.4,0.0,3,12,
2023-03-21,24.7397,91.24845,322.8,1.8,1.3,70.0,301.5,26.450000000000003,0.0,3,12,Spring
2023-03-22,24.2115,91.9364,326.9,1.5,1.2,70.0,303.7,21.0,0.0,3,12,Spring
2023-03-23,24.2797,91.0435,324.9,1.5,1.2,67.0,303.7,19.8,0.0,3,12,Spring
2023-03-24,23.4598,82.8398,325.7,1.2,1.1,64.0,307.4,14.7,0.0,3,12,Spring
2023-03-25,24.3062,91.9222,326.0,1.1,1.0,73.0,300.1,17.1,0.0,3,12,Spring
2023-03-26,23.4508,80.6614,327.8,1.1,1.0,64.0,309.3,12.7,0.0,3,12,Spring
2023-03-27,22.9892,79.398,327.15,1.1,1.1,66.0,309.5,15.0,0.0,3,13,Spring
2023-03-28,22.3748,82.40539999999999,329.6,1.1,1.0,64.0,314.1,13.2,0.0,3,13,Spring
2023-03-29,22.3596,79.4121,331.3,1.1,1.1,67.0,315.4,15.9,0.0,3,13,Spring
2023-03-30,22.4772,80.5757,327.3,1.2,1.1,67.0,312.2,14.2,0.0,3,13,Spring
2023-03-31,21.5244,79.3769,333.9,1.1,1.1,68.0,316.6,16.7,0.0,3,13,Spring
2023-04-01,22.4883,77.5163,314.0,1.3,1.1,68.0,298.0,11.5,0.0,4,13,Spring
2023-04-02,22.4393,77.5133,314.1,1.8,1.3,60.0,295.3,14.5,0.0,4,13,Spring
2023-04-03,22.6597,77.68645000000001,325.9,1.3,1.1,65.0,308.05,14.7,0.0,4,14,Spring
2023-04-04,22.65515,77.721,310.15,1.4,1.2,65.5,294.6,11.0,0.0,4,14,Spring
2023-04-05,22.911450000000002,78.7147,329.6,1.1,1.0,65.0,313.95,13.9,0.0,4,14,Spring
2023-04-06,22.8163,77.9411,307.9,1.1,1.0,66.0,292.9,7.8,0.0,4,14,Spring
2023-04-07,23.2367,79.9887,329.5,1.1,1.1,65.0,311.70000000000005,13.55,0.0,4,14,Spring
2023-04-08,22.927349999999997,78.21045000000001,310.5,1.1,1.0,67.5,293.3,9.4,0.0,4,14,Spring
2023-04-09,23.000999999999998,80.82955,328.6,1.3,1.1,66.5,311.15,19.05,0.0,4,14,Spring
2023-04-10,23.1513,78.1081,320.4,1.4,1.2,68.0,299.6,12.9,0.0,4,15,Spring
2023-04-11,22.99255,78.14515,311.2,1.7,1.3,67.0,294.95,15.350000000000001,0.0,4,15,Spring
2023-04-12,23.3158,78.2089,326.8,1.1,1.0,68.0,306.0,14.2,0.0,4,15,Spring
2023-04-13,23.0792,76.5185,307.95,1.1,1.1,69.0,293.5,8.4,0.0,4,15,Spring
2023-04-14,23.9483,79.4819,332.5,1.2,1.1,71.0,314.1,16.3,0.0,4,15,Spring
2023-04-15,23.50355,77.6679,309.65,1.1,1.0,68.5,294.7,9.75,0.0,4,15,Spring
2023-04-16,25.0629,82.65559999999999,332.6,1.1,1.1,70.0,315.05,18.2,0.0,4,15,Spring
2023-04-17,25.009099999999997,82.69325,328.1,1.4,1.2,70.0,301.75,20.15,0.0,4,16,Spring
2023-04-18,23.7758,80.6035,332.7,1.1,1.1,70.0,313.6,16.9,0.0,4,16,Spring
2023-04-19,24.3214,79.47999999999999,324.15,1.1,1.1,68.0,301.25,13.5,0.0,4,16,Spring
2023-04-20,24.03715,80.05575,333.1,1.1,1.0,71.0,312.4,16.45,0.0,4,16,Spring
2023-04-21,25.8085,81.0316,326.2,1.1,1.1,70.0,303.6,14.1,0.0,4,16,Spring
2023-04-22,23.827199999999998,80.0378,328.7,1.2,1.1,69.0,306.25,15.3,0.0,4,16,Spring
2023-04-23,25.4544,79.4368,332.2,1.3,1.1,69.0,312.7,18.5,0.0,4,16,Spring
2023-04-24,26.4409,81.3624,330.7,1.4,1.2,71.0,313.3,20.8,0.0,4,17,Spring
2023-04-25,25.144,79.83825,334.1,1.1,1.05,72.0,315.55,19.1,0.0,4,17,Spring
2023-04-26,26.1459,79.46289999999999,327.55,1.1,1.1,70.0,302.7,13.9,0.0,4,17,Spring
2023-04-27,25.355150000000002,79.29284999999999,335.5,1.2,1.1,73.0,318.0,17.25,0.0,4,17,Spring
2023-04-28,29.0124,76.441,333.8,1.2,1.1,73.0,315.0,17.4,0.0,4,17,Spring
2023-04-29,26.0019,77.57065,332.95,1.8,1.3,73.0,312.2,28.15,0.0,4,17,Spring
2023-04-30,29.3534,76.49235,335.75,1.3,1.1,73.0,315.9,19.9,0.0,4,17,Spring
2023-05-01,30.4072,75.4673,327.4,1.3,1.2,70.0,306.2,15.7,0.0,5,18,Spring
2023-05-02,30.4369,75.43039999999999,333.0,1.0,1.0,71.0,311.3,13.2,0.0,5,18,Spring
2023-05-03,30.36455,75.1934,329.7,1.0,1.0,71.0,305.55,12.1,0.0,5,18,Spring
2023-05-04,30.808,75.3461,329.29999999999995,1.1,1.1,72.0,303.9,14.75,0.0,5,18,Spring
2023-05-05,30.266,75.4862,331.2,1.1,1.1,70.0,309.5,14.3,0.0,5,18,Spring
2023-05-06,24.6516,78.522,330.7,1.2,1.1,71.0,306.1,17.5,0.0,5,18,Spring
2023-05-07,27.450200000000002,76.34559999999999,332.85,1.2,1.1,72.0,311.2,16.75,0.0,5,18,Spring
2023-05-08,25.3376,76.5797,327.5,1.6,1.3,71.0,306.7,20.0,0.0,5,19,Spring
2023-05-09,27.1699,78.2619,332.6,1.1,1.1,71.5,310.5,15.8,0.0,5,19,Spring
2023-05-10,24.1638,76.3307,327.8,1.3,1.1,69.0,305.1,13.1,0.0,5,19,Spring
2023-05-11,30.192300000000003,75.996,334.15,1.0,1.0,72.0,311.35,13.649999999999999,0.0,5,19,Spring
2023-05-12,30.5159,75.6769,332.4,1.0,1.0,70.0,311.8,11.4,0.0,5,19,Spring
2023-05-13,21.5136,79.4996,328.6,1.1,1.1,68.0,307.3,12.8,0.0,5,19,Spring
2023-05-14,30.5852,76.003,333.7,1.2,1.1,73.0,315.8,15.5,0.0,5,19,Spring
2023-05-15,25.1664,76.9683,324.9,1.3,1.1,73.0,302.4,15.4,0.0,5,20,Spring
2023-05-16,23.73115,77.23875000000001,331.4,1.2,1.1,69.0,306.0,16.25,0.0,5,20,Spring
2023-05-17,24.0534,76.8605,323.5,1.4,1.2,70.0,300.3,15.0,0.0,5,20,Spring
2023-05-18,25.0654,77.73835,334.45,1.0,1.0,73.0,311.5,15.649999999999999,0.0,5,20,Spring
2023-05-19,25.467,77.0946,328.4,1.2,1.1,73.0,307.2,15.6,0.0,5,20,Spring
2023-05-20,22.4169,80.7444,330.9,1.0,1.0,68.0,308.25,13.350000000000001,0.0,5,20,Spring
2023-05-21,24.6404,76.11615,328.2,1.15,1.1,67.0,307.05,12.0,0.0,5,20,Spring
2023-05-22,19.21215,80.52459999999999,327.95,1.3,1.15,68.0,304.8,18.1,0.0,5,21,Spring
2023-05-23,19.0151,79.43135,331.3,1.3,1.1,69.5,307.65,16.45,0.0,5,21,Spring
2023-05-24,19.38805,77.342,312.9,1.1,1.0,68.0,296.95,10.100000000000001,0.0,5,21,Spring
2023-05-25,19.78605,79.6464,330.35,1.1,1.1,68.0,305.25,11.55,0.0,5,21,Spring
2023-05-26,20.4159,76.3035,315.0,1.5,1.2,66.5,296.70000000000005,13.25,0.0,5,21,Spring
2023-05-27,20.831,81.2141,330.4,1.1,1.0,66.0,306.9,12.5,0.0,5,21,Spring
2023-05-28,20.77235,77.3364,327.25,1.4,1.2,66.5,298.25,14.149999999999999,0.0,5,21,Spring
2023-05-29,19.4053,81.77420000000001,327.65,1.1,1.1,63.0,304.05,14.35,0.0,5,22,Spring
2023-05-30,19.6972,77.1623,326.9,1.1,1.1,65.0,302.9,13.3,0.0,5,22,Spring
2023-05-31,20.787,81.13445,327.8,1.4,1.2,71.0,301.05,14.95,0.0,5,22,Spring
2023-06-01,20.843249999999998,79.19135,328.25,1.1,1.0,68.0,302.05,12.899999999999999,0.0,6,22,Spring
2023-06-02,23.7731,76.4956,319.8,1.3,1.1,70.0,298.3,13.7,0.0,6,22,Spring
2023-06-03,20.2489,79.3602,331.5,1.0,1.0,69.0,309.5,13.1,0.0,6,22,Spring
2023-06-04,30.843,76.4957,314.4,1.1,1.1,70.0,297.9,10.8,0.0,6,22,Spring
2023-06-05,23.6875,79.55875,330.6,1.1,1.0,69.0,308.3,14.9,0.0,6,23,Spring
2023-06-06,30.308300000000003,76.41075000000001,322.6,1.1,1.1,67.5,305.65,10.1,0.0,6,23,Spring
2023-06-07,29.8334,77.5338,320.9,1.4,1.2,70.0,301.0,14.1,0.0,6,23,Spring
2023-06-08,29.759,77.9446,324.1,1.2,1.1,61.0,303.3,11.9,0.0,6,23,Spring
2023-06-09,32.3686,76.1198,312.2,1.3,1.1,68.0,294.9,13.3,0.0,6,23,Spring
2023-06-10,29.46915,78.38465,328.70000000000005,1.0,1.0,65.0,303.7,11.95,0.0,6,23,Spring
2023-06-11,32.487300000000005,75.86985,320.05,1.1,1.0,70.5,301.2,9.95,0.0,6,23,Spring
2023-06-12,21.28965,81.4774,328.3,1.0,1.0,67.5,304.8,12.25,0.0,6,24,Spring
2023-06-13,31.2019,75.2798,316.0,1.1,1.1,67.0,299.6,11.1,0.0,6,24,Spring
2023-06-14,23.776249999999997,78.80175,326.0,1.4,1.2,56.5,301.65,16.9,0.0,6,24,Spring
2023-06-15,30.74735,76.0724,331.7,1.1,1.1,69.0,304.9,15.2,0.0,6,24,Spring
2023-06-16,23.179499999999997,76.98515,314.05,1.9000000000000001,1.2999999999999998,43.5,291.85,17.2,0.0,6,24,Spring
2023-06-17,15.779800000000002,79.12209999999999,317.65,1.1,1.1,59.5,293.04999999999995,8.6,0.0,6,24,Spring
2023-06-18,20.12715,84.2749,321.4,1.7,1.25,66.0,295.70000000000005,15.65,1.0,6,24,Spring
2023-06-19,20.79555,80.09495000000001,321.6,1.2,1.1,60.5,296.25,10.9,0.0,6,25,Spring
2023-06-20,22.4692,74.68100000000001,327.1,1.45,1.2000000000000002,44.5,297.35,20.75,0.0,6,25,Spring
2023-06-21,21.0755,85.0677,320.5,1.0,1.0,58.0,297.0,9.2,0.0,6,25,Summer
2023-06-22,23.7838,85.78905,306.9,1.1,1.1,49.5,292.25,6.1,2.0,6,25,Summer
2023-06-23,23.6821,80.4656,319.0,1.3,1.1,52.0,295.4,10.8,0.0,6,25,Summer
2023-06-24,25.6152,78.054,324.1,1.2,1.1,67.0,306.2,12.2,0.0,6,25,Summer
2023-06-25,21.1145,85.172,308.2,1.5,1.2,41.0,288.0,11.4,2.0,6,25,Summer
2023-06-26,23.77545,79.1336,321.95000000000005,1.0,1.0,64.0,297.1,9.5,0.0,6,26,Summer
2023-06-27,23.1179,83.0763,313.9,1.7,1.3,57.0,291.85,12.75,0.0,6,26,Summer
2023-06-28,21.7541,84.0256,317.9,1.0,1.0,61.0,288.7,8.2,2.0,6,26,Summer
2023-06-29,30.89895,75.43755,322.15,1.0,1.0,58.0,298.25,8.65,0.0,6,26,Summer
2023-06-30,21.0752,85.2578,312.9,1.1,1.0,15.0,281.8,5.9,2.0,6,26,Summer
2023-07-01,22.2919,82.38025,314.54999999999995,2.0999999999999996,1.4,40.5,286.6,19.75,0.0,7,26,Summer
2023-07-02,23.7704,77.3047,316.2,2.3,1.5,37.0,291.4,22.1,0.0,7,26,Summer
2023-07-03,25.9553,81.1208,318.4,1.2,1.1,46.0,294.9,13.1,0.0,7,27,Summer
2023-07-04,25.9074,79.3202,318.0,2.1,1.4,36.0,293.2,22.8,0.0,7,27,Summer
2023-07-05,24.1672,79.7187,320.8,1.1,1.1,42.0,296.1,10.9,0.0,7,27,Summer
2023-07-06,25.3686,79.97835,320.1,1.9,1.35,37.0,294.55,19.75,0.0,7,27,Summer
2023-07-07,23.6809,86.145,316.1,1.0,1.0,61.0,293.8,7.7,2.0,7,27,Summer
2023-07-08,27.1617,81.1245,318.7,1.2,1.1,51.0,295.6,12.7,0.0,7,27,Summer
2023-07-09,23.78515,86.3727,323.15,1.2,1.1,51.0,298.7,10.85,2.0,7,27,Summer
2023-07-10,23.1667,85.2573,307.0,1.2,1.1,65.0,292.2,8.1,2.0,7,28,Summer
2023-07-11,26.627,76.8718,319.0,1.4,1.2,48.0,294.8,15.8,0.0,7,28,Summer
2023-07-12,23.6848,82.684,308.1,1.2,1.1,59.0,291.8,6.3,0.0,7,28,Summer
2023-07-13,27.6289,79.1961,317.9,1.1,1.0,63.0,293.6,13.1,0.0,7,28,Summer
2023-07-14,23.7833,86.2098,316.6,1.1,1.0,39.0,294.9,9.3,0.0,7,28,Summer
2023-07-15,28.4553,80.363,317.7,1.6,1.3,36.0,298.5,13.8,0.0,7,28,Summer
2023-07-16,23.8016,86.39645,316.55,1.3,1.1,42.0,290.65,9.0,1.0,7,28,Summer
2023-07-17,23.6777,85.0101,309.9,1.1,1.0,51.0,291.7,6.6,0.0,7,29,Summer
2023-07-18,23.7211,85.1716,321.3,1.4,1.2,39.0,295.8,15.0,2.0,7,29,Summer
2023-07-19,22.7978,79.3734,317.9,1.2,1.1,54.0,294.3,11.1,0.0,7,29,Summer
2023-07-20,25.06045,89.14484999999999,318.1,1.35,1.1,26.5,292.15,10.55,1.0,7,29,Summer
2023-07-21,13.347999999999999,79.9536,325.15,1.15,1.05,70.0,298.85,10.7,0.0,7,29,Summer
2023-07-23,9.565,78.3152,316.5,1.6,1.2,63.0,293.3,11.3,0.0,7,29,Summer
2023-07-24,30.1545,77.82294999999999,317.15,1.0,1.0,61.0,294.45,7.050000000000001,1.0,7,30,Summer
2023-07-25,29.2043,73.9576,317.1,2.5,1.5,38.0,291.4,24.3,0.0,7,30,Summer
2023-07-26,23.74035,85.69155,306.7,1.2,1.1,57.5,289.9,7.199999999999999,2.0,7,30,Summer
2023-07-27,23.73405,85.1773,319.55,1.5,1.2,52.0,296.54999999999995,16.05,0.0,7,30,Summer
2023-07-28,20.9655,85.04384999999999,315.15,1.35,1.15,58.5,291.85,10.0,2.0,7,30,Summer
2023-07-29,20.75275,79.077,323.65,2.15,1.35,24.5,296.2,33.099999999999994,1.0,7,30,Summer
2023-07-30,21.0213,85.17525,318.5,1.1,1.0,50.0,294.7,9.149999999999999,2.0,7,30,Summer
2023-07-31,19.1714,77.4194,315.1,1.2,1.1,59.0,290.9,17.1,0.0,7,31,Summer
2023-08-01,15.501,80.16635,312.65,2.5999999999999996,1.55,25.5,282.79999999999995,23.15,0.0,8,31,Summer
2023-08-02,14.5675,79.7543,316.3,1.7,1.3,41.0,292.9,13.8,0.0,8,31,Summer
2023-08-03,23.19545,77.80215,312.45000000000005,1.85,1.35,16.0,287.25,17.7,0.0,8,31,Summer
2023-08-04,21.6753,85.1756,309.2,1.4,1.2,70.0,288.9,10.0,2.0,8,31,Summer
2023-08-05,23.1622,84.8905,313.7,2.4,1.5,59.0,290.6,20.3,0.0,8,31,Summer
2023-08-06,23.71485,81.76735,316.85,1.25,1.15,39.0,293.15,10.2,0.0,8,31,Summer
2023-08-07,24.169,82.6785,313.2,1.1,1.0,48.0,290.3,8.5,0.0,8,32,Summer
2023-08-08,29.1702,73.9603,318.35,3.55,1.75,37.5,290.55,44.3,0.0,8,32,Summer
2023-08-09,27.29545,77.03989999999999,317.85,1.15,1.05,52.5,296.54999999999995,10.55,0.0,8,32,Summer
2023-08-10,29.0058,73.8408,320.9,2.4,1.5,36.0,296.1,29.4,0.0,8,32,Summer
2023-08-11,13.7726,80.06295,318.5,1.3,1.1,52.5,296.5,8.65,0.0,8,32,Summer
2023-08-12,27.2505,92.835,318.7,1.6,1.2,52.0,296.6,15.3,0.0,8,32,Summer
2023-08-13,23.6813,77.6786,317.7,1.1,1.0,56.0,298.5,8.3,0.0,8,32,Summer
2023-08-14,30.4168,73.9282,321.9,1.8,1.3,41.0,295.3,22.5,0.0,8,33,Summer
2023-08-15,20.96885,85.17750000000001,307.7,1.2,1.1,71.5,292.85,6.7,2.0,8,33,Summer
2023-08-16,22.7967,85.1718,308.6,1.4,1.2,54.0,291.9,8.5,2.0,8,33,Summer
2023-08-17,23.67375,86.37425,319.15,1.1,1.0,52.5,296.95000000000005,10.100000000000001,2.0,8,33,Summer
2023-08-18,15.1752,77.0483,318.7,1.1,1.0,54.0,299.2,9.8,0.0,8,33,Summer
2023-08-19,25.1022,81.8878,316.35,1.1,1.05,52.5,296.45000000000005,8.4,2.0,8,33,Summer
2023-08-20,28.3035,77.64865,317.70000000000005,1.1,1.0,58.5,299.1,10.6,1.0,8,33,Summer
2023-08-21,28.274250000000002,77.07605000000001,317.70000000000005,1.15,1.05,46.0,298.15,10.25,0.0,8,34,Summer
2023-08-22,21.3858,82.11349999999999,317.5,1.05,1.0,53.0,298.65,7.699999999999999,2.0,8,34,Summer
2023-08-23,17.9499,76.6689,314.2,1.2,1.1,49.0,291.5,7.7,2.0,8,34,Summer
2023-08-24,27.1679,93.16065,312.79999999999995,1.9500000000000002,1.35,30.5,294.15,13.850000000000001,0.0,8,34,Summer
2023-08-25,22.794,80.4739,309.7,1.1,1.1,51.0,293.0,8.7,2.0,8,34,Summer
2023-08-26,21.1077,85.2633,318.4,1.1,1.0,67.0,295.0,7.9,2.0,8,34,Summer
2023-08-27,21.9236,79.4347,315.6,1.3,1.1,29.0,292.5,11.9,0.0,8,34,Summer
2023-08-28,20.9601,85.1499,313.7,2.0,1.4,39.0,290.8,16.8,0.0,8,35,Summer
2023-08-29,20.9675,85.1725,313.04999999999995,1.2,1.1,57.0,294.25,8.0,2.0,8,35,Summer
2023-08-30,23.600949999999997,75.66315,316.79999999999995,1.2,1.1,59.0,293.95000000000005,8.8,0.0,8,35,Summer
2023-08-31,21.1519,83.8034,318.6,1.0,1.0,58.0,296.7,10.2,0.0,8,35,Summer
2023-09-01,18.7486,77.45405,314.35,1.25,1.1,45.5,293.20000000000005,9.45,1.0,9,35,Summer
2023-09-02,21.1563,83.3577,318.2,1.3,1.1,53.0,297.0,12.0,2.0,9,35,Summer
2023-09-03,19.3064,79.8969,318.70000000000005,1.5,1.2,34.0,297.8,14.45,0.0,9,35,Summer
2023-09-04,20.7934,85.41065,316.5,1.85,1.35,35.0,295.35,16.450000000000003,0.0,9,36,Summer
2023-09-05,20.7887,81.7268,316.0,1.1,1.1,58.0,296.7,7.9,0.0,9,36,Summer
2023-09-06,23.9021,72.6412,314.4,1.8,1.3,54.0,296.2,13.6,0.0,9,36,Summer
2023-09-07,22.5673,85.1786,315.6,1.2,1.1,42.0,292.4,7.8,2.0,9,36,Summer
2023-09-08,24.4928,76.5741,317.3,1.2,1.1,51.0,298.1,8.2,0.0,9,36,Summer
2023-09-09,23.7335,86.20765,318.7,1.0,1.0,54.0,297.45,7.9,2.0,9,36,Summer
2023-09-10,21.2073,74.9873,317.3,1.1,1.0,52.0,295.5,9.4,0.0,9,36,Summer
2023-09-11,26.6573,88.73554999999999,314.95,1.55,1.2,45.0,295.0,11.8,0.0,9,37,Summer
2023-09-12,29.79,75.8572,317.2,1.1,1.0,57.0,299.3,8.1,0.0,9,37,Summer
2023-09-15,28.228450000000002,74.30305,319.15,1.1,1.0,60.5,299.9,9.8,0.0,9,37,Summer
2023-09-16,23.6834,86.3551,318.2,1.1,1.1,64.0,292.6,10.7,2.0,9,37,Summer
2023-09-17,23.68625,78.5223,314.45000000000005,1.2000000000000002,1.05,58.5,296.9,8.05,0.0,9,37,Summer
2023-09-18,23.6908,87.0502,316.2,1.0,1.0,59.0,289.9,7.7,2.0,9,38,Summer
2023-09-19,25.4547,79.7126,315.8,1.2,1.1,51.0,297.0,8.7,0.0,9,38,Summer
2023-09-20,22.05875,72.46860000000001,307.6,1.05,1.05,51.5,294.25,5.800000000000001,1.0,9,38,Summer
2023-09-21,23.5671,79.7595,314.2,1.4,1.2,61.0,292.6,9.4,0.0,9,38,Summer
2023-09-22,15.469199999999999,77.15514999999999,318.7,1.4,1.2,71.0,295.5,14.65,0.0,9,38,Summer
2023-09-23,18.721,82.5834,318.1,1.0,1.0,61.0,297.3,8.9,0.0,9,38,Fall
2023-09-24,16.87535,76.5254,304.2,1.0,1.0,51.0,291.35,7.3,1.0,9,38,Fall
2023-09-25,21.0761,80.1258,315.05,1.25,1.1,55.5,295.45000000000005,10.8,0.0,9,39,Fall
2023-09-26,20.9633,84.9958,310.9,1.1,1.0,67.0,291.9,7.3,2.0,9,39,Fall
2023-09-27,22.193399999999997,84.28125,314.3,1.2,1.1,45.0,293.85,9.05,2.0,9,39,Fall
2023-09-28,20.9635,85.174,313.5,1.4,1.2,48.0,293.3,11.8,2.0,9,39,Fall
2023-09-29,20.96485,85.1755,314.9,2.0,1.4,48.5,292.9,21.950000000000003,1.0,9,39,Fall
2023-09-30,23.6754,85.0436,307.9,1.1,1.1,53.0,291.2,7.1,2.0,9,39,Fall
2023-10-01,27.3157,74.9535,319.6,1.3,1.1,58.0,301.2,10.1,0.0,10,39,Fall
2023-10-02,21.7443,83.3512,314.6,1.0,1.0,59.0,293.2,7.4,2.0,10,40,Fall
2023-10-03,31.5283,75.1511,318.2,1.0,1.0,63.0,303.1,7.15,0.0,10,40,Fall
2023-10-04,29.9118,74.9558,306.9,1.2,1.1,70.0,295.2,8.7,0.0,10,40,Fall
2023-10-05,30.2336,76.0547,317.0,1.1,1.0,63.0,303.4,7.8,0.0,10,40,Fall
2023-10-06,23.68505,77.60900000000001,310.85,1.35,1.15,60.5,291.25,12.5,0.0,10,40,Fall
2023-10-07,23.6793,86.0852,312.3,1.1,1.1,64.0,293.8,10.5,2.0,10,40,Fall
2023-10-08,20.30585,75.88669999999999,310.25,1.25,1.1,48.0,292.4,10.5,1.0,10,40,Fall
2023-10-09,23.6886,86.07509999999999,317.15,1.3,1.1,52.0,298.65,10.35,2.0,10,41,Fall
2023-10-10,25.44055,75.10849999999999,314.2,1.1,1.05,53.0,294.5,7.4,0.0,10,41,Fall
2023-10-11,22.3628,86.348,315.2,1.2,1.1,41.0,296.7,12.5,2.0,10,41,Fall
2023-10-12,30.93965,75.2294,315.6,1.0,1.0,60.5,300.3,7.5,0.0,10,41,Fall
2023-10-13,31.5087,75.12245,314.15,3.0,1.6,55.5,299.15,24.65,0.0,10,41,Fall
2023-10-14,30.1169,76.4073,314.7,1.3,1.1,62.0,300.5,10.1,0.0,10,41,Fall
2023-10-15,31.284399999999998,74.91835,315.15,1.7,1.3,58.0,302.1,12.5,0.0,10,41,Fall
2023-10-16,26.413400000000003,81.64165,314.7,1.5,1.2,61.0,300.4,13.3,0.0,10,42,Fall
2023-10-17,31.3054,75.0979,318.4,1.2,1.1,66.0,302.8,9.9,0.0,10,42,Fall
2023-10-18,25.5036,82.7074,314.4,2.1,1.4,59.5,297.85,13.7,1.0,10,42,Fall
2023-10-19,30.7772,75.3061,316.6,1.0,1.0,63.0,300.9,7.6,0.0,10,42,Fall
2023-10-20,24.68245,76.22305,311.45000000000005,1.8,1.35,54.5,298.45000000000005,22.15,0.0,10,42,Fall
2023-10-21,30.421,76.1968,315.9,1.2,1.1,65.0,301.1,9.0,0.0,10,42,Fall
2023-10-22,31.222099999999998,75.1816,316.1,2.0,1.4,65.0,301.9,18.2,0.0,10,42,Fall
2023-10-23,30.43205,75.59790000000001,315.9,1.9,1.4,65.0,302.5,17.0,0.0,10,43,Fall
2023-10-24,30.6933,75.44385,317.4,1.3,1.1,65.0,303.2,10.8,0.0,10,43,Fall
2023-10-25,27.0565,79.7318,315.7,1.8,1.3,65.0,301.7,17.6,0.0,10,43,Fall
2023-10-26,30.3275,75.6548,318.2,1.0,1.0,65.0,303.2,8.4,0.0,10,43,Fall
2023-10-27,30.4498,75.6025,313.8,2.1,1.4,55.0,299.7,21.4,0.0,10,43,Fall
2023-10-28,30.3569,75.7564,317.7,1.1,1.1,64.0,302.4,9.7,0.0,10,43,Fall
2023-10-29,30.5918,75.2958,316.1,2.3,1.5,61.0,300.6,20.8,0.0,10,43,Fall
2023-10-30,30.2833,75.7827,316.4,1.7,1.3,62.0,302.0,15.2,0.0,10,44,Fall
2023-10-31,30.43115,75.3463,317.5,1.4,1.2,62.0,301.1,12.2,0.0,10,44,Fall
2023-11-01,29.9539,76.064,316.05,2.8,1.6,65.0,298.4,26.1,0.0,11,44,Fall
2023-11-02,30.3469,75.5039,317.9,1.0,1.0,64.0,299.5,9.3,0.0,11,44,Fall
2023-11-03,30.3764,75.1558,313.0,2.0,1.4,60.0,296.29999999999995,24.6,0.0,11,44,Fall
2023-11-04,30.2994,75.4656,319.5,1.1,1.0,65.0,301.4,10.1,0.0,11,44,Fall
2023-11-05,30.2294,75.5358,316.5,2.4,1.5,60.0,298.55,24.35,0.0,11,44,Fall
2023-11-06,29.46405,76.40135000000001,316.05,1.5,1.2,61.0,297.8,13.2,0.0,11,45,Fall
2023-11-07,30.4028,75.01665,318.3,1.5,1.2,62.0,298.4,15.1,0.0,11,45,Fall
2023-11-08,24.1688,78.5803,316.3,2.0,1.4,57.0,299.6,15.8,0.0,11,45,Fall
2023-11-09,30.3214,75.2532,318.9,1.1,1.0,65.0,298.7,10.3,0.0,11,45,Fall
2023-11-10,30.334600000000002,75.03025,311.8,1.4,1.2,61.5,296.45,13.8,0.0,11,45,Fall
2023-11-11,30.3495,75.3274,319.1,1.0,1.0,65.0,302.0,9.8,0.0,11,45,Fall
2023-11-12,30.3386,75.06065000000001,315.3,2.7,1.6,60.0,299.0,24.6,0.0,11,45,Fall
2023-11-13,29.9415,75.6938,316.9,1.4,1.2,64.0,300.9,12.1,0.0,11,46,Fall
2023-11-14,23.0489,78.0216,315.85,1.1,1.1,60.0,301.25,8.850000000000001,0.0,11,46,Fall
2023-11-15,25.16145,79.75635,314.45,1.6,1.2,61.0,302.0,12.7,0.0,11,46,Fall
2023-11-16,30.2996,75.0675,317.5,1.1,1.1,64.0,300.1,9.9,0.0,11,46,Fall
2023-11-17,25.9297,75.56005,312.35,1.9,1.3,61.0,299.3,16.15,0.0,11,46,Fall
2023-11-18,29.2586,76.0757,316.4,1.0,1.0,64.0,301.7,8.0,0.0,11,46,Fall
2023-11-19,23.8029,75.4692,314.3,1.2,1.1,62.0,299.9,12.1,0.0,11,46,Fall
2023-11-20,26.0047,78.17495,314.9,1.2,1.1,62.0,300.9,8.5,0.0,11,47,Fall
2023-11-21,26.88855,75.0146,314.5,1.6,1.2,63.0,300.25,11.35,0.0,11,47,Fall
2023-11-22,25.5067,80.2285,314.4,1.3,1.1,62.0,301.6,10.1,0.0,11,47,Fall
2023-11-23,23.4201,77.8084,315.3,1.2,1.1,62.0,300.4,9.9,0.0,11,47,Fall
2023-11-24,25.1693,82.5044,312.6,1.2,1.1,57.0,300.2,8.8,0.0,11,47,Fall
2023-11-25,22.997,78.295,316.3,1.1,1.0,62.0,301.4,8.4,0.0,11,47,Fall
2023-11-26,22.7911,77.59434999999999,313.7,1.2,1.1,60.0,299.45,9.75,0.0,11,47,Fall
2023-11-27,22.79035,79.87925,315.15,1.1,1.0,60.5,302.05,8.149999999999999,0.0,11,48,Fall
2023-11-28,21.3764,78.8356,313.4,1.1,1.1,60.0,298.8,8.1,0.0,11,48,Fall
2023-11-29,24.9751,82.23634999999999,312.9,1.1,1.0,59.0,299.95,7.5,0.0,11,48,Fall
2023-11-30,20.06845,79.0196,315.7,1.2,1.1,59.5,300.5,9.1,0.0,11,48,Fall
2023-12-01,23.79365,82.6243,312.45,1.1,1.05,58.0,299.2,7.9,0.0,12,48,Fall
2023-12-02,20.958550000000002,76.81265,314.45,1.1,1.0,58.5,299.15,8.3,0.0,12,48,Fall
2023-12-03,21.4879,79.5723,313.0,1.1,1.0,61.0,298.7,8.6,0.0,12,48,Fall
2023-12-04,21.5741,79.8642,314.2,1.1,1.1,62.0,300.0,9.0,0.0,12,49,Fall
2023-12-05,21.32625,81.58574999999999,312.05,1.1,1.0,60.0,298.8,9.5,0.0,12,49,Fall
2023-12-06,23.1727,81.9052,313.2,1.1,1.0,60.0,298.6,7.6,0.0,12,49,Fall
2023-12-07,23.10755,83.18635,311.35,1.05,1.0,60.5,296.5,9.0,0.0,12,49,Fall
2023-12-08,25.0298,83.4325,312.3,1.1,1.0,60.0,298.4,8.1,0.0,12,49,Fall
2023-12-09,21.2685,77.2375,314.0,1.2,1.1,64.0,296.3,11.2,0.0,12,49,Fall
2023-12-10,23.0516,78.6412,311.5,1.2,1.1,58.0,296.0,8.0,0.0,12,49,Fall
2023-12-11,25.41105,77.70005,311.75,1.1,1.1,61.0,298.85,9.1,0.0,12,50,Fall
2023-12-12,23.7928,85.1783,311.4,1.2,1.1,62.0,296.1,10.4,0.0,12,50,Fall
2023-12-13,23.79755,82.53665,314.0,1.1,1.05,61.0,297.6,7.85,0.0,12,50,Fall
2023-12-14,21.836,83.0167,313.0,1.3,1.1,59.0,295.7,8.4,0.0,12,50,Fall
2023-12-15,22.17805,83.15665,314.2,1.1,1.1,62.0,298.5,8.1,0.0,12,50,Fall
2023-12-16,19.364,76.6139,314.8,1.1,1.1,61.0,296.9,9.1,0.0,12,50,Fall
2023-12-17,21.9347,82.9745,312.6,1.3,1.1,61.0,299.3,9.0,0.0,12,50,Fall
2023-12-18,21.30385,79.60605000000001,314.4,1.4,1.2,61.0,300.4,10.1,0.0,12,51,Fall
2023-12-19,22.13015,83.8671,311.15,1.3,1.1,61.5,298.0,10.25,0.0,12,51,Fall
2023-12-20,21.4045,82.2011,315.7,1.1,1.0,62.0,302.3,8.3,0.0,12,51,Fall
2023-12-21,20.792,76.4404,308.9,1.1,1.0,59.0,294.6,8.6,0.0,12,51,Winter
2023-12-22,21.6908,82.6802,314.1,1.1,1.0,62.0,299.2,8.0,0.0,12,51,Winter
2023-12-23,19.3141,76.42,315.7,1.1,1.0,61.0,300.8,10.4,0.0,12,51,Winter
2023-12-24,21.7547,82.992,313.8,1.2,1.1,61.0,300.9,9.1,0.0,12,51,Winter
2023-12-25,21.1003,79.1147,315.7,1.3,1.1,60.0,300.8,10.8,0.0,12,52,Winter
2023-12-26,21.11345,82.45555,312.35,1.2,1.1,62.0,297.05,9.45,0.0,12,52,Winter
2023-12-27,21.70815,80.7222,315.1,1.1,1.0,61.0,299.7,8.7,0.0,12,52,Winter
2023-12-28,18.4309,75.428,310.29999999999995,1.1,1.0,62.0,292.35,10.0,0.0,12,52,Winter
2023-12-29,21.6956,82.78505,316.1,1.0,1.0,63.0,302.7,8.05,0.0,12,52,Winter
2023-12-30,20.3069,75.88499999999999,314.55,1.2,1.1,61.0,299.55,11.350000000000001,0.0,12,52,Winter
2023-12-31,21.6983,82.5311,313.9,1.4,1.2,61.0,299.8,10.1,0.0,12,52,Winter
2024-01-01,19.2763,76.67,318.1,1.1,1.1,64.0,302.4,11.2,0.0,1,1,Winter
2024-01-02,21.7041,76.0821,308.8,1.2,1.1,61.0,291.4,9.8,0.0,1,1,Winter
2024-01-03,20.1077,77.7085,313.6,1.1,1.0,59.0,298.5,8.0,0.0,1,1,Winter
2024-01-04,23.1582,76.58385000000001,308.4,1.2,1.1,60.5,291.3,9.5,0.0,1,1,Winter
2024-01-05,21.873649999999998,82.4767,310.65,1.1,1.1,58.0,293.9,8.350000000000001,0.0,1,1,Winter
2024-01-06,21.96415,76.5338,314.0,1.1,1.1,62.5,295.7,10.5,0.0,1,1,Winter
2024-01-07,21.7841,82.9883,313.8,1.2,1.1,64.0,301.3,10.3,0.0,1,1,Winter
2024-01-08,20.0349,76.6831,315.5,1.1,1.1,62.0,301.7,10.6,0.0,1,2,Winter
2024-01-09,23.2749,86.4012,312.7,1.3,1.1,65.0,297.2,13.4,0.0,1,2,Winter
2024-01-10,21.6476,80.56805,316.75,1.2,1.1,64.0,302.75,11.45,0.0,1,2,Winter
2024-01-11,24.607950000000002,90.57050000000001,311.95,1.3,1.1,61.5,294.85,12.7,0.0,1,2,Winter
2024-01-12,21.6312,82.406,315.65,1.0,1.0,63.5,302.55,9.0,0.0,1,2,Winter
2024-01-13,20.9662,76.1385,314.7,1.2,1.1,61.0,299.9,11.0,0.0,1,2,Winter
2024-01-14,21.6309,83.3487,314.6,1.2,1.1,63.0,298.4,10.1,0.0,1,2,Winter
2024-01-15,19.488349999999997,76.47104999999999,314.85,1.1,1.0,58.5,301.1,8.0,0.0,1,3,Winter
2024-01-16,21.72705,83.89500000000001,309.7,1.2,1.1,60.5,293.29999999999995,8.55,0.0,1,3,Winter
2024-01-17,21.0981,78.356,314.9,1.1,1.1,60.0,300.0,8.8,0.0,1,3,Winter
2024-01-18,25.106,84.4519,308.3,1.3,1.1,57.0,292.1,10.8,0.0,1,3,Winter
2024-01-19,22.19125,81.38925,310.4,1.1,1.1,58.0,295.5,8.1,0.0,1,3,Winter
2024-01-20,22.14115,76.98140000000001,313.7,1.1,1.1,61.0,296.6,9.649999999999999,0.0,1,3,Winter
2024-01-21,21.7921,83.1585,315.65,1.1,1.1,63.5,301.3,9.6,0.0,1,3,Winter
2024-01-22,19.42915,76.62585,316.05,1.1,1.0,62.0,300.85,8.350000000000001,0.0,1,4,Winter
2024-01-23,21.6138,82.8855,313.1,1.4,1.2,62.0,296.4,12.1,0.0,1,4,Winter
2024-01-24,21.4001,82.4748,317.4,1.4,1.2,63.0,301.1,13.3,0.0,1,4,Winter
2024-01-25,23.58175,82.93539999999999,311.29999999999995,1.3,1.1,59.0,296.1,9.600000000000001,0.0,1,4,Winter
2024-01-26,21.28255,82.43995,318.45000000000005,1.1,1.05,64.0,303.35,10.45,0.0,1,4,Winter
2024-01-27,19.3818,76.868,314.7,1.1,1.0,58.0,299.8,8.5,0.0,1,4,Winter
2024-01-28,21.1328,81.5608,312.1,1.1,1.0,60.0,297.5,8.4,0.0,1,4,Winter
2024-01-29,18.53245,77.32945000000001,317.1,1.1,1.0,63.0,301.7,9.0,0.0,1,5,Winter
2024-01-30,22.334850000000003,82.63245,316.05,1.2,1.1,64.0,299.0,11.149999999999999,0.0,1,5,Winter
2024-01-31,21.9858,81.5044,317.4,1.5,1.2,64.0,298.2,13.4,0.0,1,5,Winter
2024-02-01,21.73285,77.6166,312.55,1.2,1.1,60.0,296.6,10.3,0.0,2,5,Winter
2024-02-02,21.601,82.4647,318.8,1.1,1.1,65.0,304.5,10.3,0.0,2,5,Winter
2024-02-03,21.926299999999998,81.79595,316.0,1.1,1.0,63.0,300.2,11.0,0.0,2,5,Winter
2024-02-04,21.7705,82.57855,320.2,1.1,1.0,67.0,306.4,10.8,0.0,2,5,Winter
2024-02-05,19.6189,78.3258,319.2,1.2,1.1,63.0,304.1,11.4,0.0,2,6,Winter
2024-02-06,22.2885,86.122,319.2,1.1,1.0,65.0,305.1,11.4,0.0,2,6,Winter
2024-02-07,21.30265,78.4661,319.85,1.2,1.1,65.0,304.55,11.9,0.0,2,6,Winter
2024-02-08,21.67935,79.5693,317.9,1.2,1.1,63.0,302.8,10.75,0.0,2,6,Winter
2024-02-09,20.9098,78.7724,319.6,1.1,1.0,63.0,305.6,10.5,0.0,2,6,Winter
2024-02-10,21.129350000000002,79.02765,318.29999999999995,1.2,1.1,62.0,302.8,11.0,0.0,2,6,Winter
2024-02-11,21.50515,82.2551,321.7,1.1,1.1,65.0,308.3,10.8,0.0,2,6,Winter
2024-02-12,17.9347,77.91785,323.1,1.2,1.1,65.0,307.15,13.2,0.0,2,7,Winter
2024-02-13,22.2158,83.2215,319.5,1.3,1.1,65.0,304.8,13.8,0.0,2,7,Winter
2024-02-14,18.574,78.646,322.6,1.1,1.1,65.0,307.8,12.7,0.0,2,7,Winter
2024-02-15,20.9603,79.4389,319.1,1.2,1.1,63.0,304.8,11.7,0.0,2,7,Winter
2024-02-16,17.9085,78.6763,324.3,1.1,1.1,66.0,309.5,12.3,0.0,2,7,Winter
2024-02-17,18.6301,78.89925,320.1,1.1,1.1,64.0,303.95,11.6,0.0,2,7,Winter
2024-02-18,21.7527,79.56045,316.75,1.5,1.2,61.0,299.9,15.5,0.0,2,7,Winter
2024-02-19,18.8523,77.5908,323.4,1.1,1.1,63.0,304.65,11.95,0.0,2,8,Winter
2024-02-20,21.6661,82.4142,321.5,1.2,1.1,65.0,307.4,12.85,0.0,2,8,Winter
2024-02-21,17.624699999999997,78.1676,324.7,1.1,1.0,65.0,309.5,11.95,0.0,2,8,Winter
2024-02-22,20.82765,79.55225,322.7,1.2,1.1,65.0,308.0,11.9,0.0,2,8,Winter
2024-02-23,17.1159,78.5911,325.6,1.1,1.1,66.0,310.5,13.3,0.0,2,8,Winter
2024-02-24,21.3295,82.0349,322.1,1.2,1.1,65.0,306.0,15.6,0.0,2,8,Winter
2024-02-25,20.72475,80.34809999999999,324.4,1.2,1.1,64.5,309.5,13.6,0.0,2,8,Winter
2024-02-26,16.1071,78.246,323.7,1.3,1.1,64.0,306.8,15.9,0.0,2,9,Winter
2024-02-27,20.9564,80.5934,321.7,1.2,1.1,62.0,306.3,14.0,0.0,2,9,Winter
2024-02-28,18.228,78.7259,324.3,1.2,1.1,64.0,306.7,13.5,0.0,2,9,Winter
2024-03-01,22.0012,84.03425,320.7,1.3,1.1,63.0,303.5,12.9,0.0,3,9,Winter
2024-03-02,17.8364,78.9773,323.4,1.2,1.1,64.0,307.2,12.8,0.0,3,9,Winter
2024-03-03,22.1922,85.75479999999999,320.9,1.2,1.1,64.0,303.85,15.149999999999999,0.0,3,9,Winter
2024-03-04,20.3635,82.3975,324.9,1.1,1.1,65.0,308.7,13.2,0.0,3,10,Winter
2024-03-05,19.128999999999998,79.34094999999999,321.95,1.1,1.1,63.0,305.7,12.2,0.0,3,10,Winter
2024-03-06,21.5383,84.02584999999999,322.6,1.1,1.1,63.0,305.55,11.7,0.0,3,10,Winter
2024-03-07,23.7842,92.4961,321.6,1.4,1.2,69.0,300.5,17.1,0.0,3,10,Winter
2024-03-08,23.516,87.555,320.3,1.4,1.2,67.0,301.8,17.1,0.0,3,10,Winter
2024-03-09,24.2072,83.4756,322.9,1.6,1.3,67.0,298.4,20.2,0.0,3,10,Winter
2024-03-10,23.448349999999998,92.44065,323.75,1.1,1.1,72.0,298.65,23.3,0.0,3,10,Winter
2024-03-11,20.2696,81.1802,323.3,1.1,1.0,63.0,306.25,12.5,0.0,3,11,Winter
2024-03-12,23.232,91.2142,318.6,1.1,1.1,65.0,301.3,12.3,0.0,3,11,Winter
2024-03-13,22.5728,86.01595,323.45,1.3,1.1,65.0,305.1,18.8,0.0,3,11,Winter
2024-03-14,23.819650000000003,92.65455,326.4,1.6,1.3,73.0,299.5,26.4,0.0,3,11,Winter
2024-03-15,22.67285,90.42845,324.0,1.3,1.1,69.0,300.1,18.299999999999997,0.0,3,11,Winter
2024-03-16,22.1579,79.8416,322.8,1.4,1.2,69.0,299.2,18.8,0.0,3,11,Winter
2024-03-17,22.12795,76.76525000000001,317.4,1.05,1.0,63.0,293.25,10.55,0.0,3,11,Winter
2024-03-18,19.11845,78.17175,321.3,1.1,1.1,64.0,299.95000000000005,11.899999999999999,0.0,3,12,Winter
2024-03-19,19.45205,74.02510000000001,323.04999999999995,1.2,1.1,63.0,305.15,11.649999999999999,0.0,3,12,Winter
2024-03-20,20.9587,79.35655,318.85,1.35,1.15,56.5,300.35,9.75,0.0,3,12,
2024-03-21,15.0177,76.1495,327.7,1.0,1.0,67.0,306.8,12.4,0.0,3,12,Spring
2024-03-22,22.2576,83.3475,319.2,1.3,1.1,63.0,300.0,13.4,0.0,3,12,Spring
2024-03-23,19.4973,77.289,324.5,1.1,1.0,64.0,305.0,12.2,0.0,3,12,Spring
2024-03-24,22.4643,77.2053,313.0,1.2,1.1,63.0,292.8,10.4,0.0,3,12,Spring
2024-03-25,21.5218,80.9288,325.0,1.1,1.1,64.0,306.3,12.7,0.0,3,13,Spring
2024-03-26,22.584,77.2399,322.7,1.1,1.1,65.0,300.1,12.2,0.0,3,13,Spring
2024-03-27,23.6776,83.961,324.2,1.4,1.2,67.0,303.0,16.8,0.0,3,13,Spring
2024-03-28,22.44945,77.42490000000001,324.70000000000005,1.4,1.2,65.0,300.5,15.4,0.0,3,13,Spring
2024-03-29,23.6398,84.0747,321.3,1.6,1.2,64.0,298.1,15.649999999999999,0.0,3,13,Spring
2024-03-30,22.19625,79.4735,327.65,1.1,1.1,68.0,306.6,15.55,0.0,3,13,Spring
2024-03-31,22.79465,78.73825,317.65,1.1,1.0,65.0,296.0,12.1,0.0,3,13,Spring
2024-04-01,20.381349999999998,78.55915,327.2,1.2,1.1,66.0,305.7,14.25,0.0,4,14,Spring
2024-04-02,22.63675,77.48910000000001,321.5,1.2,1.1,67.0,294.5,13.25,0.0,4,14,Spring
2024-04-03,22.6529,80.6791,324.0,1.5,1.2,64.0,304.9,16.4,0.0,4,14,Spring
2024-04-04,22.7198,77.51759999999999,328.35,1.2,1.1,65.0,309.15,14.7,0.0,4,14,Spring
2024-04-05,23.08045,82.90084999999999,320.75,1.3,1.1,63.5,299.85,13.75,0.0,4,14,Spring
2024-04-06,23.15735,79.0421,328.7,1.2,1.1,68.0,308.6,18.35,0.0,4,14,Spring
2024-04-07,25.442149999999998,92.1514,324.4,1.1,1.0,70.0,302.6,16.05,0.0,4,14,Spring
2024-04-08,24.2862,83.4257,323.55,1.3,1.1,67.0,302.15,21.450000000000003,0.0,4,15,Spring
2024-04-09,24.1537,92.0984,323.7,1.1,1.1,71.0,303.2,14.8,0.0,4,15,Spring
2024-04-10,24.842599999999997,91.6369,324.2,2.3,1.5,67.0,300.0,33.8,0.0,4,15,Spring
2024-04-11,24.3071,92.3195,330.0,1.5,1.2,74.0,302.5,28.2,0.0,4,15,Spring
2024-04-12,24.165599999999998,91.90575,325.0,1.5,1.2,68.0,305.1,20.2,0.0,4,15,Spring
2024-04-13,23.6357,82.9728,328.4,1.3,1.1,69.0,307.0,19.5,0.0,4,15,Spring
2024-04-14,24.265099999999997,92.3595,322.1,1.1,1.1,68.5,303.5,13.75,0.0,4,15,Spring
2024-04-15,19.9019,83.3254,328.0,1.1,1.1,69.0,306.8,14.4,0.0,4,16,Spring
2024-04-16,23.7187,81.2118,327.9,1.1,1.1,68.0,307.3,15.4,0.0,4,16,Spring
2024-04-17,23.8587,82.8698,330.3,1.2,1.1,69.0,311.2,16.6,0.0,4,16,Spring
2024-04-18,23.4727,79.4394,331.2,1.2,1.1,68.0,311.8,15.4,0.0,4,16,Spring
2024-04-19,23.610799999999998,82.85745,327.4,1.2,1.1,71.5,306.70000000000005,15.649999999999999,0.0,4,16,Spring
2024-04-20,21.7034,81.6714,330.8,1.1,1.0,68.0,310.1,13.8,0.0,4,16,Spring
2024-04-21,23.7458,77.9648,326.6,1.5,1.2,67.0,304.2,17.1,0.0,4,16,Spring
2024-04-22,24.16575,79.7677,330.15,1.3,1.1,71.0,308.0,17.65,0.0,4,17,Spring
2024-04-23,23.8895,77.4732,329.8,1.1,1.0,69.0,311.7,14.5,0.0,4,17,Spring
2024-04-24,23.50475,77.94800000000001,324.65,1.1,1.1,67.0,300.75,12.45,0.0,4,17,Spring
2024-04-25,23.462400000000002,77.72405,330.5,1.2,1.1,67.5,311.1,15.9,0.0,4,17,Spring
2024-04-26,25.6742,76.41115,325.4,1.25,1.1,65.5,304.45,12.7,0.0,4,17,Spring
2024-04-27,25.214550000000003,78.63335000000001,331.65,1.1,1.1,69.0,308.85,14.649999999999999,0.0,4,17,Spring
2024-04-28,23.8059,83.7628,324.4,1.1,1.0,69.0,300.4,11.5,0.0,4,17,Spring
2024-04-29,24.3291,81.0549,329.6,1.1,1.1,72.0,304.6,17.6,0.0,4,18,Spring
2024-04-30,23.7564,78.883,321.6,1.1,1.1,57.0,298.3,11.4,0.0,4,18,Spring
2024-05-01,24.4593,84.5532,319.29999999999995,1.2,1.1,63.5,295.45000000000005,12.2,0.0,5,18,Spring
2024-05-02,23.7774,79.5502,325.7,1.3,1.1,71.0,301.1,15.4,0.0,5,18,Spring
2024-05-03,23.9767,77.19815,321.70000000000005,1.2,1.1,60.5,297.8,13.5,0.0,5,18,Spring
2024-05-04,29.832,75.7536,329.70000000000005,1.0,1.0,68.0,309.6,11.25,0.0,5,18,Spring
2024-05-05,25.2867,76.637,328.35,1.1,1.0,69.0,307.55,10.6,0.0,5,18,Spring
2024-05-06,25.7144,76.408,328.5,1.2,1.1,71.0,307.6,15.3,0.0,5,19,Spring
2024-05-07,25.24325,77.60095,328.9,1.5,1.2,69.0,308.85,18.05,0.0,5,19,Spring
2024-05-08,29.08985,76.6403,327.70000000000005,1.4,1.2,71.0,307.95,17.25,0.0,5,19,Spring
2024-05-09,29.8543,75.8069,331.7,1.3,1.1,70.0,314.2,15.5,0.0,5,19,Spring
2024-05-10,29.9208,76.08734999999999,331.25,1.0,1.0,70.0,315.3,14.1,0.0,5,19,Spring
2024-05-11,30.0796,75.7543,335.4,1.0,1.0,75.0,319.4,15.8,0.0,5,19,Spring
2024-05-12,25.2546,77.1978,332.3,1.2,1.1,69.0,315.0,14.9,0.0,5,19,Spring
2024-05-13,30.482300000000002,75.47065,332.1,1.3,1.1,72.5,312.4,16.05,0.0,5,20,Spring
2024-05-14,23.896349999999998,78.07245,328.65,1.3,1.1,69.0,308.9,18.25,0.0,5,20,Spring
2024-05-15,24.509,79.2453,331.8,1.3,1.1,70.0,311.2,16.3,0.0,5,20,Spring
2024-05-16,25.0117,76.6276,332.7,1.3,1.1,71.0,311.2,16.9,0.0,5,20,Spring
2024-05-17,24.9187,76.651,331.9,1.2,1.1,72.0,310.0,15.8,0.0,5,20,Spring
2024-05-18,23.68305,77.97975,328.1,1.0,1.0,67.0,307.9,12.3,0.0,5,20,Spring
2024-05-19,20.719450000000002,78.12785,329.35,1.1,1.0,66.0,308.6,12.25,0.0,5,20,Spring
2024-05-20,23.9687,80.22825,332.5,1.15,1.1,75.0,311.55,16.35,0.0,5,21,Spring
2024-05-21,23.07865,81.83725000000001,331.05,1.15,1.1,66.0,309.8,14.85,0.0,5,21,Spring
2024-05-22,23.10105,80.9148,330.4,1.1,1.0,71.0,310.1,14.6,0.0,5,21,Spring
2024-05-23,20.9922,80.5644,328.0,1.5,1.2,63.0,305.4,18.1,0.0,5,21,Spring
2024-05-24,20.8946,80.2852,328.7,1.3,1.1,66.0,306.2,13.3,0.0,5,21,Spring
2024-05-25,20.8684,80.63215,330.9,1.3,1.1,71.0,307.0,14.25,0.0,5,21,Spring
2024-05-26,20.7122,80.6739,328.7,1.0,1.0,63.0,308.2,10.6,0.0,5,21,Spring
2024-05-27,20.8258,81.8389,330.9,1.0,1.0,66.0,308.2,15.0,0.0,5,22,Spring
2024-05-28,20.8277,81.86064999999999,327.05,1.3,1.1,66.0,305.15,16.5,0.0,5,22,Spring
2024-05-29,20.7914,81.7972,327.2,1.3,1.1,64.0,301.5,13.85,0.0,5,22,Spring
2024-05-30,26.1289,92.7024,321.8,1.2,1.1,65.0,300.8,13.6,0.0,5,22,Spring
2024-05-31,20.818199999999997,81.30895,328.4,1.25,1.1,67.0,304.4,15.8,0.0,5,22,Spring
2024-06-01,20.6736,80.7054,333.9,1.1,1.1,71.0,312.9,14.1,0.0,6,22,Spring
2024-06-02,21.278100000000002,81.90854999999999,331.79999999999995,1.1,1.1,68.0,310.45,13.55,0.0,6,22,Spring
2024-06-03,21.2489,81.5635,329.4,1.1,1.0,71.0,307.2,13.1,0.0,6,23,Spring
2024-06-04,21.2545,83.7767,326.4,1.4,1.2,64.0,302.5,19.1,0.0,6,23,Spring
2024-06-05,20.9719,81.741,327.9,1.3,1.1,66.0,304.1,13.7,0.0,6,23,Spring
2024-06-06,19.2553,80.0148,324.3,1.3,1.1,64.0,297.5,15.6,0.0,6,23,Spring
2024-06-07,21.1433,82.0994,330.5,1.0,1.0,66.0,308.0,12.2,0.0,6,23,Spring
2024-06-08,21.9177,80.4277,328.6,1.1,1.1,62.0,304.2,12.6,0.0,6,23,Spring
2024-06-09,21.2874,83.6773,331.7,1.1,1.1,69.0,313.0,13.0,0.0,6,23,Spring
2024-06-10,23.6892,79.7167,328.2,1.0,1.0,64.0,305.9,11.6,0.0,6,24,Spring
2024-06-11,21.1069,81.396,321.2,1.5,1.2,60.0,297.8,20.3,0.0,6,24,Spring
2024-06-12,18.9568,79.8425,328.5,1.0,1.0,62.0,305.4,11.1,0.0,6,24,Spring
2024-06-13,29.17,77.9935,326.5,1.2,1.1,68.0,303.1,12.4,0.0,6,24,Spring
2024-06-14,20.26415,80.2918,329.7,1.2,1.1,70.0,303.05,17.85,0.0,6,24,Spring
2024-06-15,21.7671,79.95115000000001,326.29999999999995,1.1,1.1,70.5,304.05,11.3,0.0,6,24,Spring
2024-06-16,21.43685,80.3098,323.85,1.5,1.2,65.5,295.85,17.799999999999997,0.0,6,24,Spring
2024-06-17,27.4653,80.2176,330.4,1.0,1.0,73.0,305.0,12.3,0.0,6,25,Spring
2024-06-18,21.6962,78.629,320.7,1.7,1.3,66.0,295.4,21.7,0.0,6,25,Spring
2024-06-19,23.563000000000002,76.936,324.5,1.4500000000000002,1.2000000000000002,49.5,295.5,13.55,1.0,6,25,Spring
2024-06-20,30.8673,75.4056,328.1,1.1,1.0,68.0,304.5,11.4,0.0,6,25,Spring
2024-06-21,20.9686,85.0412,323.4,1.0,1.0,53.0,294.3,12.8,2.0,6,25,Summer
2024-06-22,30.771700000000003,75.70785000000001,326.9,1.0,1.0,67.0,299.79999999999995,11.75,0.0,6,25,Summer
2024-06-23,22.122500000000002,81.597,322.15,1.5,1.2,40.0,297.05,18.799999999999997,2.0,6,25,Summer
2024-06-24,24.6882,78.0154,318.3,1.4,1.2,52.0,291.6,10.0,0.0,6,26,Summer
2024-06-25,26.2896,91.7945,317.1,1.3,1.1,54.0,296.1,7.2,0.0,6,26,Summer
2024-06-26,25.6049,86.3928,314.6,1.0,1.0,51.0,291.4,8.5,2.0,6,26,Summer
2024-06-27,29.0686,76.48554999999999,316.1,1.4,1.2,58.5,292.7,14.45,0.0,6,26,Summer
2024-06-28,24.7348,81.1132,310.2,2.4,1.5,0.0,287.6,19.9,0.0,6,26,Summer
2024-06-29,20.96475,77.43260000000001,323.1,1.2,1.1,62.5,296.95,12.9,0.0,6,26,Summer
2024-06-30,29.9087,75.662,316.7,1.7,1.3,55.0,295.4,15.0,2.0,6,26,Summer
2024-07-01,20.9667,83.3493,320.6,1.1,1.1,56.0,297.2,8.9,0.0,7,27,Summer
2024-07-02,22.0304,75.45855,318.25,1.2,1.1,63.0,294.0,9.35,0.0,7,27,Summer
2024-07-03,22.43985,80.6473,318.75,2.0,1.35,44.0,294.45,19.5,0.0,7,27,Summer
2024-07-04,23.55845,85.14044999999999,310.85,1.0,1.0,63.5,293.79999999999995,7.5,2.0,7,27,Summer
2024-07-05,23.6898,85.0474,319.0,1.7,1.3,60.0,294.5,17.7,2.0,7,27,Summer
2024-07-06,21.0761,85.1649,307.1,1.1,1.0,60.0,289.6,11.5,2.0,7,27,Summer
2024-07-07,21.329250000000002,79.3084,311.8,1.75,1.25,61.0,283.1,13.9,2.0,7,27,Summer
2024-07-08,23.6898,86.3595,308.6,1.0,1.0,49.0,293.2,5.9,2.0,7,28,Summer
2024-07-09,22.853050000000003,85.1772,310.85,1.0,1.0,66.5,292.25,8.2,2.0,7,28,Summer
2024-07-10,23.682,86.2004,320.7,1.1,1.1,44.0,294.9,10.9,2.0,7,28,Summer
2024-07-11,23.7817,86.2084,305.9,1.7,1.3,66.0,287.4,10.6,2.0,7,28,Summer
2024-07-12,25.43925,79.98085,306.70000000000005,2.2,1.35,61.0,291.8,22.299999999999997,1.0,7,28,Summer
2024-07-13,21.9191,83.3488,318.5,1.1,1.0,55.0,297.1,8.8,0.0,7,28,Summer
2024-07-14,31.4984,75.8479,316.8,1.0,1.0,48.0,296.1,7.6,0.0,7,28,Summer
2024-07-15,25.3868,86.394,319.4,1.6,1.2,66.0,295.7,12.8,0.0,7,29,Summer
2024-07-16,26.13845,81.1274,310.1,1.2,1.1,78.0,292.4,9.5,1.0,7,29,Summer
2024-07-17,23.7631,77.6409,319.7,1.7,1.3,56.0,293.9,16.2,0.0,7,29,Summer
2024-07-18,23.7205,86.08845,313.25,1.6,1.2,49.5,290.55,11.45,2.0,7,29,Summer
2024-07-19,27.02655,85.7804,313.85,1.85,1.35,43.0,291.9,16.4,0.0,7,29,Summer
2024-07-20,23.6922,83.354,313.5,1.1,1.0,55.0,293.0,8.1,0.0,7,29,Summer
2024-07-21,28.5539,77.043,318.0,1.0,1.0,58.0,296.0,7.4,0.0,7,29,Summer
2024-07-22,23.7753,86.3907,307.0,1.1,1.0,38.0,290.5,6.9,2.0,7,30,Summer
2024-07-23,23.7791,86.0123,310.8,1.1,1.0,60.0,292.2,8.2,2.0,7,30,Summer
2024-07-24,23.7797,85.1611,315.1,1.9,1.3,43.0,292.9,11.8,2.0,7,30,Summer
2024-07-25,21.918,85.0133,312.2,1.3,1.2,56.0,291.8,11.9,2.0,7,30,Summer
2024-07-27,22.4169,81.77680000000001,317.65,1.05,1.0,56.0,294.1,8.75,0.0,7,30,Summer
2024-07-28,24.30725,83.01085,317.7,1.75,1.3,41.5,294.5,14.05,0.0,7,30,Summer
2024-07-29,22.3673,77.6653,311.4,1.0,1.0,51.0,294.0,8.0,0.0,7,31,Summer
2024-07-30,11.8458,77.689,318.0,1.1,1.0,51.0,291.1,11.2,0.0,7,31,Summer
2024-07-31,28.2421,75.2176,315.5,1.1,1.0,40.0,297.8,8.9,0.0,7,31,Summer
2024-08-01,30.5353,74.67515,318.54999999999995,2.65,1.45,53.5,297.15,28.95,0.0,8,31,Summer
2024-08-02,29.7059,75.8409,317.1,1.0,1.0,45.0,298.2,7.0,0.0,8,31,Summer
2024-08-03,22.23925,79.11165,319.85,1.35,1.15,57.5,298.4,13.55,2.0,8,31,Summer
2024-08-04,13.3515,78.2877,322.8,1.2,1.1,62.0,299.7,11.0,0.0,8,31,Summer
2024-08-05,19.419150000000002,78.8825,323.4,2.3499999999999996,1.5,55.5,298.9,22.4,0.0,8,32,Summer
2024-08-06,11.385200000000001,78.1192,325.15,1.1,1.0,57.0,300.0,12.25,0.0,8,32,Summer
2024-08-08,24.23755,77.40915000000001,313.15,1.2,1.1,64.5,291.1,11.5,0.0,8,32,Summer
2024-08-09,20.914450000000002,83.53905,311.75,1.2,1.1,69.0,295.35,8.899999999999999,0.0,8,32,Summer
2024-08-10,21.419249999999998,83.87780000000001,316.2,1.1,1.1,55.5,294.6,9.6,2.0,8,32,Summer
2024-08-11,20.3741,80.7633,316.2,1.0,1.0,56.0,296.4,7.75,0.0,8,32,Summer
2024-08-12,28.382,76.6995,319.2,1.5,1.2,39.0,295.9,9.7,0.0,8,33,Summer
2024-08-13,13.1924,78.2279,320.9,1.0,1.0,65.0,283.6,10.2,0.0,8,33,Summer
2024-08-14,23.43195,83.4662,317.95,1.2999999999999998,1.15,49.0,292.29999999999995,12.75,0.0,8,33,Summer
2024-08-15,22.804850000000002,85.17725,313.29999999999995,1.2,1.1,63.5,293.1,7.300000000000001,0.0,8,33,Summer
2024-08-16,20.9679,80.0267,315.7,1.1,1.1,55.0,293.9,13.3,0.0,8,33,Summer
2024-08-17,23.6903,78.3517,309.3,1.5,1.2,34.0,290.1,9.6,2.0,8,33,Summer
2024-08-18,23.7634,86.2529,316.2,1.1,1.1,40.0,293.7,8.3,0.0,8,33,Summer
2024-08-19,21.504,85.175,308.75,1.2,1.1,52.0,292.15,7.300000000000001,2.0,8,34,Summer
2024-08-20,20.3841,77.7788,316.8,1.0,1.0,57.0,293.8,8.3,2.0,8,34,Summer
2024-08-21,21.0212,77.61795000000001,315.65,1.1,1.0,58.0,294.8,8.2,0.0,8,34,Summer
2024-08-22,26.6216,75.155,317.75,1.65,1.25,48.5,296.95,13.95,0.0,8,34,Summer
2024-08-23,17.5496,78.7539,314.0,1.1,1.0,56.0,292.4,8.9,0.0,8,34,Summer
2024-08-24,29.657,74.9568,312.3,1.1,1.1,55.0,290.7,6.9,0.0,8,34,Summer
2024-08-26,21.5631,84.9941,310.85,1.0,1.0,68.5,291.7,7.15,1.0,8,35,Summer
2024-08-27,20.9697,83.7338,313.6,1.3,1.1,52.0,294.2,9.8,2.0,8,35,Summer
2024-08-28,21.7631,84.497,314.8,1.3,1.1,48.0,296.0,10.0,2.0,8,35,Summer
2024-08-29,23.6849,83.7375,307.7,1.2,1.1,54.0,293.2,8.1,0.0,8,35,Summer
2024-08-30,21.1021,83.7432,317.5,1.1,1.0,63.0,298.6,10.3,2.0,8,35,Summer
2024-08-31,20.3758,80.4394,316.6,1.1,1.1,46.0,297.8,8.6,0.0,8,35,Summer
2024-09-01,20.96825,85.0946,318.6,1.1,1.0,51.5,297.5,8.75,1.0,9,35,Summer
2024-09-02,21.51555,84.39144999999999,318.75,1.2999999999999998,1.15,56.0,297.05,13.5,2.0,9,36,Summer
2024-09-03,27.452399999999997,73.90285,322.35,1.15,1.1,66.5,302.65,14.100000000000001,0.0,9,36,Summer
2024-09-04,21.108449999999998,72.64205000000001,312.95000000000005,1.65,1.25,83.5,295.1,16.8,2.0,9,36,Summer
2024-09-05,23.521,76.84985,320.35,1.1,1.1,47.0,299.85,12.600000000000001,0.0,9,36,Summer
2024-09-06,21.925,85.2584,315.9,1.1,1.0,62.0,296.0,9.3,2.0,9,36,Summer
2024-09-07,29.4596,77.1306,320.9,1.1,1.0,55.0,301.7,13.0,0.0,9,36,Summer
2024-09-08,27.9488,95.3723,315.2,1.3,1.1,48.0,298.0,9.9,0.0,9,36,Summer
2024-09-09,20.9683,85.2535,308.8,1.4,1.2,52.0,291.3,9.9,2.0,9,37,Summer
2024-09-10,27.4283,73.28395,321.8,1.2,1.1,64.5,302.35,10.5,0.0,9,37,Summer
2024-09-11,22.0399,85.1778,314.6,1.2,1.1,39.0,294.5,10.8,2.0,9,37,Summer
2024-09-12,29.4471,76.8652,316.5,1.2,1.1,44.0,296.9,8.0,0.0,9,37,Summer
2024-09-13,23.7562,86.0915,312.8,1.0,1.0,54.0,292.1,6.7,2.0,9,37,Summer
2024-09-14,27.022100000000002,79.9632,314.25,1.15,1.1,40.5,295.45,9.75,0.0,9,37,Summer
2024-09-15,27.8033,95.4077,317.4,1.1,1.0,49.0,297.6,10.1,0.0,9,37,Summer
2024-09-16,23.6781,85.0364,315.2,1.2,1.1,56.0,291.6,8.1,2.0,9,38,Summer
2024-09-17,25.172649999999997,89.5918,314.35,1.5,1.2,58.5,296.04999999999995,12.600000000000001,1.0,9,38,Summer
2024-09-18,22.7946,85.8591,317.0,1.0,1.0,59.0,296.3,7.2,2.0,9,38,Summer
2024-09-19,21.7734,79.197,316.6,1.2,1.1,51.0,296.9,8.9,0.0,9,38,Summer
2024-09-20,27.7237,72.6443,318.0,1.9,1.3,70.0,295.3,18.6,0.0,9,38,Summer
2024-09-21,22.8587,78.20755,313.55,1.5,1.2000000000000002,38.0,293.15,10.6,0.0,9,38,Summer
2024-09-22,21.6813,72.5616,322.7,1.1,1.1,57.0,300.2,10.2,0.0,9,38,Summer
2024-09-23,20.9531,86.0524,313.5,1.1,1.1,48.0,292.5,8.6,2.0,9,39,Fall
2024-09-24,14.327300000000001,78.98490000000001,317.05,1.05,1.0,54.0,299.35,6.5,0.0,9,39,Fall
2024-09-25,21.1008,86.0523,316.6,1.0,1.0,69.0,292.0,9.4,2.0,9,39,Fall
2024-09-26,23.7257,83.3846,313.9,1.1,1.0,57.0,294.0,8.5,0.0,9,39,Fall
2024-09-27,23.7323,69.8825,314.0,1.8,1.3,59.0,294.4,14.8,2.0,9,39,Fall
2024-09-28,22.7907,85.1667,313.3,1.1,1.1,48.0,292.3,8.8,0.0,9,39,Fall
2024-09-29,27.729599999999998,75.05095,319.15,1.1,1.1,68.0,299.25,9.95,0.0,9,39,Fall
2024-09-30,26.552300000000002,92.78865,314.95000000000005,2.0,1.4,52.5,294.4,15.2,0.0,9,40,Fall
2024-10-01,31.4966,75.1233,318.8,1.0,1.0,62.0,303.6,8.9,0.0,10,40,Fall
2024-10-02,23.2825,74.974,318.9,1.5,1.2,59.0,296.6,11.5,0.0,10,40,Fall
2024-10-03,29.1968,76.85810000000001,316.79999999999995,1.2,1.1,58.0,302.3,9.4,0.0,10,40,Fall
2024-10-04,24.875700000000002,72.84685,318.35,1.25,1.1,64.5,303.35,13.05,0.0,10,40,Fall
2024-10-05,21.69995,84.0178,316.85,1.1,1.0,62.5,299.55,9.45,2.0,10,40,Fall
2024-10-06,26.621,75.1816,317.4,1.1,1.0,62.0,304.4,8.2,0.0,10,40,Fall
2024-10-07,22.42555,85.17824999999999,316.29999999999995,1.2,1.1,47.5,298.5,9.9,2.0,10,41,Fall
2024-10-08,28.7706,76.94265,318.55,1.1,1.0,62.5,302.6,7.8,0.0,10,41,Fall
2024-10-09,21.107300000000002,76.9328,312.70000000000005,1.5,1.2,66.5,299.4,13.65,0.0,10,41,Fall
2024-10-10,23.6792,81.0358,318.04999999999995,1.1,1.0,60.5,302.05,9.4,0.0,10,41,Fall
2024-10-11,24.845,75.6734,314.75,1.3,1.1,61.0,300.95,10.3,0.0,10,41,Fall
2024-10-12,22.4789,84.9996,317.6,1.1,1.0,57.0,303.6,10.0,2.0,10,41,Fall
2024-10-13,29.600050000000003,76.28935,318.35,1.1,1.0,63.0,302.85,8.4,0.0,10,41,Fall
2024-10-14,22.5637,86.0892,318.6,1.4,1.2,65.0,299.9,12.6,2.0,10,42,Fall
2024-10-15,27.6301,78.2545,318.1,1.1,1.0,63.0,300.7,9.2,0.0,10,42,Fall
2024-10-16,25.1425,73.2883,322.1,1.1,1.1,60.0,300.2,12.5,0.0,10,42,Fall
2024-10-17,21.953049999999998,85.08279999999999,316.35,1.1,1.1,56.0,301.5,8.95,2.0,10,42,Fall
2024-10-18,21.920749999999998,76.8484,317.45000000000005,1.1,1.1,63.5,301.29999999999995,9.55,0.0,10,42,Fall
2024-10-19,23.6796,85.2523,316.0,1.2,1.1,49.0,301.5,9.3,2.0,10,42,Fall
2024-10-20,25.294,76.95375,319.4,1.0,1.0,62.0,302.0,8.7,0.0,10,42,Fall
2024-10-21,26.3395,71.43244999999999,322.75,1.2,1.1,58.0,303.65,12.4,0.0,10,43,Fall
2024-10-22,25.795650000000002,78.92179999999999,318.45,1.1,1.0,61.5,303.1,9.0,0.0,10,43,Fall
2024-10-23,25.4906,75.91185,317.54999999999995,1.2,1.1,61.0,301.0,9.350000000000001,0.0,10,43,Fall
2024-10-24,27.6055,79.2994,316.2,1.4,1.2,64.0,300.5,13.5,0.0,10,43,Fall
2024-10-25,26.0706,76.1894,318.3,1.2,1.1,64.0,302.5,10.4,0.0,10,43,Fall
2024-10-26,26.581200000000003,77.87145000000001,313.79999999999995,1.8,1.35,65.5,300.70000000000005,17.95,0.0,10,43,Fall
2024-10-27,30.055300000000003,75.9957,318.4,1.0,1.0,64.0,302.4,8.7,0.0,10,43,Fall
2024-10-28,22.869999999999997,74.8865,313.0,1.35,1.15,61.5,298.9,11.850000000000001,0.0,10,44,Fall
2024-10-29,29.9882,76.00095,317.1,1.3,1.1,62.0,300.6,10.9,0.0,10,44,Fall
2024-10-30,30.147,75.63239999999999,316.4,1.7,1.3,64.0,299.05,13.850000000000001,0.0,10,44,Fall
2024-10-31,29.8311,76.2097,315.1,2.2,1.4,63.0,299.3,16.8,0.0,10,44,Fall
2024-11-01,30.26545,75.50885,317.3,1.1,1.1,62.0,300.2,9.350000000000001,0.0,11,44,Fall
2024-11-02,26.219549999999998,73.95305,318.65,1.5,1.2,59.0,302.7,15.75,0.0,11,44,Fall
2024-11-03,30.2499,75.7005,317.6,1.0,1.0,63.0,298.1,9.0,0.0,11,44,Fall
2024-11-04,30.363,75.234,313.7,2.7,1.6,63.0,296.3,24.3,0.0,11,45,Fall
2024-11-05,30.279,75.69665,317.7,1.5,1.2,63.0,301.7,13.850000000000001,0.0,11,45,Fall
2024-11-06,30.266849999999998,75.39825,315.8,1.5,1.2,62.0,298.9,13.5,0.0,11,45,Fall
2024-11-07,28.54915,76.39705000000001,315.20000000000005,2.5,1.5,61.5,298.0,20.700000000000003,0.0,11,45,Fall
2024-11-08,30.2568,75.47,317.6,1.1,1.0,65.0,298.2,9.8,0.0,11,45,Fall
2024-11-09,24.4575,76.5898,311.6,1.3,1.1,62.0,297.5,10.5,0.0,11,45,Fall
2024-11-10,23.3474,78.7424,318.1,1.0,1.0,61.0,301.7,8.3,0.0,11,45,Fall
2024-11-11,22.040100000000002,76.09875,315.35,1.2,1.1,59.0,298.6,11.05,0.0,11,46,Fall
2024-11-12,29.975050000000003,75.95175,314.3,1.7,1.3,59.0,300.0,13.5,0.0,11,46,Fall
2024-11-13,30.2416,75.1823,317.2,1.3,1.1,63.0,299.4,12.6,0.0,11,46,Fall
2024-11-14,30.0961,75.23225,313.1,3.0,1.65,63.0,298.6,23.7,0.0,11,46,Fall
2024-11-15,30.35185,75.24995,317.5,1.0,1.0,65.0,300.7,9.2,0.0,11,46,Fall
2024-11-16,26.419400000000003,75.30165,312.75,2.0,1.4,55.0,296.2,24.0,0.0,11,46,Fall
2024-11-17,30.2055,75.6247,315.6,1.2,1.1,63.0,300.7,9.2,0.0,11,46,Fall
2024-11-18,30.32515,75.0142,315.4,1.9,1.3,64.0,299.4,15.649999999999999,0.0,11,47,Fall
2024-11-19,26.9789,76.3554,312.8,1.5,1.2,61.0,297.9,12.4,0.0,11,47,Fall
2024-11-20,30.1929,74.9307,314.6,1.2,1.1,63.0,297.5,9.4,0.0,11,47,Fall
2024-11-21,25.6879,77.876,311.8,1.4,1.2,62.0,298.7,11.9,0.0,11,47,Fall
2024-11-22,29.5922,75.4792,315.3,1.0,1.0,63.0,300.5,8.5,0.0,11,47,Fall
2024-11-23,23.9072,75.0895,312.65,1.3,1.1,59.0,298.35,13.5,0.0,11,47,Fall
2024-11-24,25.4997,79.7346,313.1,1.1,1.0,60.0,299.9,7.9,0.0,11,47,Fall
2024-11-25,23.1837,78.69364999999999,312.5,1.2,1.1,60.0,297.45,10.7,0.0,11,48,Fall
2024-11-26,25.2324,83.6059,312.0,1.1,1.0,60.0,297.6,7.8,0.0,11,48,Fall
2024-11-27,18.5238,78.30080000000001,311.95000000000005,1.15,1.1,58.0,294.85,9.3,0.0,11,48,Fall
2024-11-28,22.7901,85.0419,313.0,1.2,1.1,62.0,295.6,10.8,0.0,11,48,Fall
2024-11-29,23.6888,80.82235,311.15,1.1,1.1,57.5,296.0,7.95,0.0,11,48,Fall
2024-11-30,22.556350000000002,80.96594999999999,312.1,1.3,1.1,59.0,295.0,12.7,0.0,11,48,Fall
2024-12-01,22.042499999999997,82.28485,313.05,1.1,1.1,61.0,298.35,7.9,0.0,12,48,Fall
2024-12-02,21.5976,80.3286,312.4,1.2,1.1,63.0,295.8,8.6,0.0,12,49,Fall
2024-12-03,25.5691,83.73335,313.2,1.1,1.0,59.0,300.1,7.05,0.0,12,49,Fall
2024-12-04,27.03185,74.7236,311.85,1.15,1.1,59.5,296.7,8.1,0.0,12,49,Fall
2024-12-05,26.7281,77.3666,309.1,1.0,1.0,61.0,291.7,7.9,0.0,12,49,Fall
2024-12-06,27.5684,75.77799999999999,308.05,1.1,1.0,58.0,292.95000000000005,6.55,0.0,12,49,Fall
2024-12-07,20.09485,75.32849999999999,314.0,1.4,1.2,61.0,297.6,10.649999999999999,0.0,12,49,Fall
2024-12-08,23.0496,77.4166,309.8,1.1,1.1,59.0,295.7,8.9,0.0,12,49,Fall
2024-12-09,21.4235,76.6569,312.4,1.1,1.1,61.0,296.6,9.4,0.0,12,50,Fall
2024-12-10,21.76275,77.78229999999999,312.1,1.1,1.0,59.0,298.55,8.1,0.0,12,50,Fall
2024-12-11,20.9822,78.0006,310.9,1.1,1.1,60.0,296.7,8.3,0.0,12,50,Fall
2024-12-12,21.101,78.7876,310.1,1.3,1.1,57.0,297.1,8.5,0.0,12,50,Fall
2024-12-13,23.772199999999998,80.95245,310.65,1.2,1.1,59.0,296.7,8.1,0.0,12,50,Fall
2024-12-14,20.7426,77.2639,311.5,1.3,1.1,58.0,296.9,9.4,0.0,12,50,Fall
2024-12-15,22.0355,83.6351,312.0,1.1,1.0,61.0,298.7,7.9,0.0,12,50,Fall
2024-12-16,21.7575,77.6813,311.6,1.2,1.1,62.0,296.9,9.5,0.0,12,51,Fall
2024-12-17,21.8466,83.3086,310.4,1.2,1.1,59.0,296.9,9.6,0.0,12,51,Fall
2024-12-18,21.675150000000002,81.56739999999999,312.1,1.2,1.1,62.0,297.9,8.5,0.0,12,51,Fall
2024-12-19,21.85085,82.57275,308.0,1.2,1.1,59.0,294.7,9.45,0.0,12,51,Fall
2024-12-20,21.6746,82.0505,311.5,1.0,1.0,62.0,297.5,8.2,0.0,12,51,Fall
2024-12-21,21.1172,81.63115,309.35,1.2,1.1,58.0,294.8,9.600000000000001,0.0,12,51,Winter
2024-12-22,21.3001,82.51925,311.9,1.2,1.1,61.0,297.9,9.0,0.0,12,51,Winter
2024-12-23,20.8597,76.9016,312.9,1.2,1.1,59.0,297.3,8.9,0.0,12,52,Winter
2024-12-24,21.5191,81.2123,310.5,1.2,1.1,57.0,296.6,8.0,0.0,12,52,Winter
2024-12-25,21.8144,80.3059,312.3,1.1,1.1,61.0,298.8,8.4,0.0,12,52,Winter
2024-12-26,21.0742,81.9154,312.3,1.2,1.1,63.0,297.6,11.1,0.0,12,52,Winter
2024-12-27,21.7073,82.28784999999999,312.1,1.1,1.0,58.0,299.4,7.1,0.0,12,52,Winter
2024-12-28,19.12865,76.56370000000001,310.8,1.1,1.0,61.5,294.55,9.0,0.0,12,52,Winter
2024-12-29,21.600450000000002,83.03255,311.35,1.1,1.0,59.0,298.0,8.8,0.0,12,52,Winter
2024-12-30,20.93505,79.55865,312.65,1.3,1.1,60.0,298.55,10.15,0.0,12,1,Winter
2024-12-31,20.668,81.11955,311.2,1.4,1.2,59.0,297.6,10.25,0.0,12,1,Winter
2025-01-01,21.7833,82.0488,312.0,1.0,1.0,59.0,299.2,7.0,0.0,1,1,Winter
2025-01-02,22.0383,83.1971,309.6,1.1,1.0,61.0,295.3,7.6,0.0,1,1,Winter
2025-01-03,21.5261,82.8364,312.5,1.2,1.1,60.0,299.0,8.2,0.0,1,1,Winter
2025-01-04,21.6291,76.4551,311.9,1.2,1.1,60.0,293.6,10.2,0.0,1,1,Winter
2025-01-05,21.6915,82.7616,311.0,1.3,1.1,60.0,296.9,9.4,0.0,1,1,Winter
2025-01-06,21.6458,77.75175,310.85,1.2,1.1,59.0,295.0,9.75,0.0,1,2,Winter
2025-01-07,22.0169,82.0807,309.1,1.3,1.2,60.0,294.6,10.7,0.0,1,2,Winter
2025-01-08,21.8168,82.46610000000001,313.2,1.0,1.0,61.0,298.75,7.5,0.0,1,2,Winter
2025-01-09,26.7208,90.8677,310.6,1.1,1.0,62.0,293.8,10.0,0.0,1,2,Winter
2025-01-10,23.6789,84.7762,311.4,1.1,1.0,59.0,294.8,8.7,0.0,1,2,Winter
2025-01-11,21.9082,77.1838,312.7,1.2,1.1,60.0,296.2,10.2,0.0,1,2,Winter
2025-01-12,21.805349999999997,82.5874,312.1,1.4,1.2,60.0,297.6,10.3,0.0,1,2,Winter
2025-01-13,21.545,81.9202,315.3,1.2,1.1,62.0,302.2,9.9,0.0,1,3,Winter
2025-01-14,20.267400000000002,76.99625,310.55,1.2,1.1,61.0,293.7,11.55,0.0,1,3,Winter
2025-01-15,21.6801,82.0139,313.3,1.1,1.0,60.0,299.6,8.7,0.0,1,3,Winter
2025-01-16,20.0246,76.0115,313.8,1.1,1.0,61.0,296.3,9.3,0.0,1,3,Winter
2025-01-17,19.271749999999997,79.28954999999999,311.4,1.2,1.1,57.0,296.5,8.55,0.0,1,3,Winter
2025-01-18,21.44935,76.4559,311.35,1.2,1.1,58.0,296.15,9.7,0.0,1,3,Winter
2025-01-19,24.5566,90.8052,309.9,1.2,1.1,60.0,295.0,8.7,0.0,1,3,Winter
2025-01-20,22.85555,77.4493,311.35,1.1,1.1,57.0,293.35,8.1,0.0,1,4,Winter
2025-01-21,17.1214,75.4155,305.4,1.0,1.0,59.0,291.0,6.7,0.0,1,4,Winter
2025-01-22,21.9317,80.8593,312.1,1.1,1.0,61.0,294.7,7.9,0.0,1,4,Winter
2025-01-23,22.7461,75.5892,313.3,1.2,1.1,63.0,296.2,10.5,0.0,1,4,Winter
2025-01-24,23.705550000000002,82.9174,309.9,1.45,1.2,59.5,294.25,13.25,0.0,1,4,Winter
2025-01-25,21.652,77.6447,312.9,1.2,1.1,60.0,297.0,9.7,0.0,1,4,Winter
2025-01-26,22.365699999999997,82.7243,309.45,1.1,1.1,59.0,293.0,9.3,0.0,1,4,Winter
2025-01-27,22.00925,79.04415,311.29999999999995,1.1,1.0,60.0,292.70000000000005,7.6,0.0,1,5,Winter
2025-01-28,18.6316,75.5949,316.2,1.1,1.1,64.0,294.3,11.2,0.0,1,5,Winter
2025-01-29,25.2934,81.8588,309.3,1.6,1.2,60.0,292.7,10.7,0.0,1,5,Winter
2025-01-30,19.8061,77.1821,314.9,1.2,1.1,63.0,297.8,11.0,0.0,1,5,Winter
2025-01-31,20.971899999999998,81.941,308.6,1.3,1.1,59.0,291.5,9.3,0.0,1,5,Winter
2025-02-01,19.5365,77.8967,316.4,1.2,1.1,60.0,300.8,9.1,0.0,2,5,Winter
2025-02-02,17.7733,75.8759,307.4,1.1,1.0,61.0,290.6,9.2,0.0,2,5,Winter
2025-02-03,21.77525,82.58314999999999,316.4,1.1,1.05,62.0,300.95,8.95,0.0,2,6,Winter
2025-02-04,18.4864,77.1284,319.8,1.2,1.1,60.0,303.3,12.8,0.0,2,6,Winter
2025-02-05,21.1569,82.4887,314.7,1.4,1.2,62.0,299.0,11.0,0.0,2,6,Winter
2025-02-06,18.1799,76.4515,321.1,1.2,1.1,63.0,304.7,11.2,0.0,2,6,Winter
2025-02-07,18.49425,75.9572,310.0,1.0,1.0,66.0,293.5,9.1,0.0,2,6,Winter
2025-02-08,21.4187,80.6487,316.8,1.1,1.0,63.0,300.7,9.4,0.0,2,6,Winter
2025-02-09,22.19775,76.30375,318.8,1.2,1.1,65.0,301.0,12.2,0.0,2,6,Winter
2025-02-10,22.07235,83.3471,314.0,1.3,1.1,61.0,299.1,9.8,0.0,2,7,Winter
2025-02-11,21.3071,76.6463,321.3,1.2,1.1,62.0,304.8,12.2,0.0,2,7,Winter
2025-02-12,25.003149999999998,91.0053,313.0,1.2,1.1,67.0,295.8,12.05,0.0,2,7,Winter
2025-02-13,18.27375,78.24715,318.75,1.2,1.1,63.0,299.5,11.9,0.0,2,7,Winter
2025-02-14,25.155099999999997,91.04185,313.3,1.1,1.0,65.0,294.20000000000005,10.25,0.0,2,7,Winter
2025-02-15,22.04155,80.41555,314.55,1.2,1.1,63.0,298.8,10.399999999999999,0.0,2,7,Winter
2025-02-16,18.9692,78.2961,323.2,1.2,1.1,65.0,301.95,13.0,0.0,2,7,Winter
2025-02-17,22.3455,84.66050000000001,314.45,1.45,1.2,61.0,298.1,12.350000000000001,0.0,2,8,Winter
2025-02-18,16.603499999999997,77.88284999999999,326.3,1.1,1.1,65.0,309.4,13.5,0.0,2,8,Winter
2025-02-19,20.995199999999997,78.3459,313.4,1.1,1.0,65.5,295.45,11.6,0.0,2,8,Winter
2025-02-20,19.063850000000002,79.5116,320.45,1.1,1.0,61.0,305.0,10.1,0.0,2,8,Winter
2025-02-21,18.0036,76.4871,318.3,1.2,1.1,65.0,296.1,12.6,0.0,2,8,Winter
2025-02-22,20.8399,81.9718,318.9,1.2,1.1,64.0,301.6,10.7,0.0,2,8,Winter
2025-02-23,19.139400000000002,77.05425,324.3,1.1,1.1,62.0,308.79999999999995,11.7,0.0,2,8,Winter
2025-02-24,19.311999999999998,76.18844999999999,306.9,1.1,1.1,60.5,291.8,7.6,0.0,2,9,Winter
2025-02-25,17.6082,78.2547,321.5,1.2,1.1,66.0,302.9,11.2,0.0,2,9,Winter
2025-02-26,18.6128,76.9424,311.0,1.1,1.0,67.0,294.7,10.7,0.0,2,9,Winter
2025-02-27,19.3841,81.5071,319.8,1.1,1.0,62.0,301.3,10.7,0.0,2,9,Winter
2025-02-28,21.4376,78.9659,317.1,1.3,1.1,63.0,298.6,13.1,0.0,2,9,Winter
2025-03-01,18.0221,78.7904,324.8,1.1,1.1,63.0,306.1,13.1,0.0,3,9,Winter
2025-03-02,23.8809,92.381,314.5,1.1,1.1,68.0,297.7,12.1,0.0,3,9,Winter
2025-03-03,18.1827,80.0276,323.5,1.1,1.0,62.0,305.9,11.0,0.0,3,10,Winter
2025-03-04,19.24785,77.1753,319.5,1.3,1.1,64.0,297.9,15.149999999999999,0.0,3,10,Winter
2025-03-05,22.0718,83.87465,318.55,1.4,1.2,62.0,300.2,16.9,0.0,3,10,Winter
2025-03-06,23.1331,83.7532,324.0,1.3,1.1,66.0,299.5,16.2,0.0,3,10,Winter
2025-03-07,24.0023,92.4749,315.0,1.4,1.2,66.0,297.5,14.6,0.0,3,10,Winter
2025-03-08,21.3642,80.0305,323.6,1.2,1.1,65.0,303.5,15.8,0.0,3,10,Winter
2025-03-09,24.32175,92.7065,318.9,1.0,1.0,69.0,299.25,13.1,0.0,3,10,Winter
2025-03-10,21.098750000000003,81.6517,322.35,1.2,1.1,64.0,304.2,12.6,0.0,3,11,Winter
2025-03-11,24.4498,92.9196,323.1,1.2,1.1,72.0,300.9,17.3,0.0,3,11,Winter
2025-03-12,23.9541,92.5655,320.3,2.0,1.4,69.0,299.1,28.3,0.0,3,11,Winter
2025-03-13,23.36875,92.52275,326.1,2.1,1.4,70.0,298.7,30.75,0.0,3,11,Winter
2025-03-14,23.6741,92.6294,326.7,1.1,1.1,78.0,299.3,23.3,0.0,3,11,Winter
2025-03-15,21.9744,82.1128,326.1,1.2,1.1,66.0,305.1,15.0,0.0,3,11,Winter
2025-03-16,23.8779,92.6127,326.2,1.1,1.0,74.0,301.7,17.8,0.0,3,11,Winter
2025-03-17,23.32685,85.26095000000001,318.9,1.4,1.2,65.0,299.55,15.75,0.0,3,12,Winter
2025-03-18,22.97915,80.1539,324.95,1.3,1.1,67.0,300.95,17.85,0.0,3,12,Winter
2025-03-19,24.1432,83.8456,313.75,1.2,1.1,69.0,292.55,12.25,0.0,3,12,Winter
2025-03-20,22.37075,77.7748,326.9,1.2,1.1,66.0,307.85,15.95,0.0,3,12,
2025-03-21,21.677500000000002,77.01135,307.65,1.2,1.1,62.0,292.6,9.4,0.0,3,12,Spring
2025-03-22,20.67695,80.0589,324.75,1.2,1.1,64.0,305.95,13.95,0.0,3,12,Spring
2025-03-23,22.5933,76.9535,315.9,1.3,1.1,65.0,298.4,13.0,0.0,3,12,Spring
2025-03-24,22.3591,77.2965,311.5,1.5,1.2,70.0,293.4,12.5,0.0,3,13,Spring
2025-03-25,22.0463,77.4478,323.3,1.1,1.0,64.0,303.8,12.1,0.0,3,13,Spring
2025-03-26,22.4773,77.5516,315.3,1.1,1.1,68.0,295.5,11.1,0.0,3,13,Spring
2025-03-27,19.4561,80.1113,328.0,1.0,1.0,63.0,309.2,11.4,0.0,3,13,Spring
2025-03-28,22.639499999999998,77.41605,317.4,1.4,1.2,66.5,297.25,13.1,0.0,3,13,Spring
2025-03-29,20.4089,80.4997,325.0,1.3,1.1,64.0,305.5,13.9,0.0,3,13,Spring
2025-03-30,22.483249999999998,78.2017,328.1,1.1,1.05,68.0,306.5,17.0,0.0,3,13,Spring
2025-03-31,22.4741,78.90799999999999,318.25,1.1,1.1,67.0,297.8,10.1,0.0,3,14,Spring
2025-04-01,19.5491,80.1649,328.8,1.1,1.0,67.0,308.7,13.7,0.0,4,14,Spring
2025-04-02,25.3937,91.4307,322.65,1.1,1.0,69.0,303.2,13.45,0.0,4,14,Spring
2025-04-03,22.15775,81.11165,327.2,1.1,1.1,63.0,307.6,12.6,0.0,4,14,Spring
2025-04-04,24.2315,91.4811,325.2,1.2,1.1,69.0,299.1,16.6,0.0,4,14,Spring
2025-04-05,22.4734,83.8136,325.4,1.4,1.2,64.0,306.4,16.1,0.0,4,14,Spring
2025-04-06,22.7998,80.6548,328.9,1.5,1.2,69.0,303.1,21.9,0.0,4,14,Spring
2025-04-07,22.852,80.12185,314.15,1.1,1.1,69.0,297.4,10.149999999999999,0.0,4,15,Spring
2025-04-08,19.211,79.8828,327.4,1.1,1.0,66.0,307.1,13.7,0.0,4,15,Spring
2025-04-09,23.995350000000002,91.80455,325.25,1.1,1.0,72.0,297.4,16.3,0.0,4,15,Spring
2025-04-10,18.7961,81.8779,324.2,1.2,1.1,64.0,305.4,13.5,0.0,4,15,Spring
2025-04-11,24.8411,83.7386,325.0,1.2,1.1,69.0,300.9,15.4,0.0,4,15,Spring
2025-04-12,24.8994,92.3299,321.5,1.7,1.3,69.0,295.9,23.6,0.0,4,15,Spring
2025-04-13,24.4501,91.7854,325.6,2.0,1.4,72.0,299.3,31.0,0.0,4,15,Spring
2025-04-14,25.6814,91.744,319.1,1.2,1.1,67.0,299.9,11.9,0.0,4,16,Spring
2025-04-15,22.7277,83.3009,328.0,1.2,1.1,70.0,306.8,17.9,0.0,4,16,Spring
2025-04-16,24.7426,83.2148,327.0,1.3,1.1,73.0,303.3,18.2,0.0,4,16,Spring
2025-04-17,25.1185,83.5516,329.8,1.1,1.0,68.0,310.5,17.6,0.0,4,16,Spring
2025-04-18,24.8777,81.3263,328.7,1.2,1.1,69.0,308.0,18.6,0.0,4,16,Spring
2025-04-19,25.3578,83.3455,329.8,1.6,1.3,74.0,311.3,23.2,0.0,4,16,Spring
2025-04-20,24.61195,81.10669999999999,332.25,1.1,1.0,70.0,311.85,15.649999999999999,0.0,4,16,Spring
2025-04-21,25.6982,83.25385,322.25,1.2,1.1,70.0,300.9,13.0,0.0,4,17,Spring
2025-04-22,26.46555,82.7251,328.75,1.1,1.0,68.0,307.75,14.5,0.0,4,17,Spring
2025-04-23,24.3206,79.27645,329.4,1.2,1.1,69.0,308.6,14.0,0.0,4,17,Spring
2025-04-24,25.14165,81.17824999999999,324.2,1.4,1.2,68.0,303.9,17.35,0.0,4,17,Spring
2025-04-25,25.2766,80.8079,331.5,1.1,1.1,70.0,313.5,17.4,0.0,4,17,Spring
2025-04-26,25.745,82.8798,326.1,1.8,1.3,66.0,306.3,27.5,0.0,4,17,Spring
2025-04-27,22.1587,82.0141,328.9,1.1,1.0,67.0,308.4,14.3,0.0,4,17,Spring
2025-04-28,25.084400000000002,79.24025,328.4,1.1,1.1,71.0,305.29999999999995,13.5,0.0,4,18,Spring
2025-04-29,23.4085,83.4894,329.4,1.1,1.0,70.0,309.4,15.7,0.0,4,18,Spring
2025-04-30,25.00375,79.6851,332.85,1.1,1.1,69.0,313.35,16.15,0.0,4,18,Spring
2025-05-01,25.9344,79.9106,324.4,1.5,1.2,67.0,305.6,18.1,0.0,5,18,Spring
2025-05-02,24.5515,79.8195,332.0,1.1,1.0,69.0,313.5,15.2,0.0,5,18,Spring
2025-05-03,25.5134,80.8529,327.0,1.1,1.0,65.0,308.3,13.4,0.0,5,18,Spring
2025-05-04,27.34975,79.6812,330.70000000000005,1.2,1.1,73.0,309.75,18.55,0.0,5,18,Spring
2025-05-05,28.9476,78.51415,331.6,1.2,1.1,68.0,312.1,16.3,0.0,5,19,Spring
2025-05-06,28.9139,78.6691,327.2,1.6,1.2,69.0,305.8,19.2,0.0,5,19,Spring
2025-05-07,29.80805,76.40745,335.4,1.0,1.0,71.0,315.1,15.45,0.0,5,19,Spring
2025-05-08,30.1406,75.3465,329.9,1.0,1.0,68.0,310.1,11.0,0.0,5,19,Spring
2025-05-09,29.1477,76.04325,330.8,1.4,1.2,69.5,307.1,19.4,0.0,5,19,Spring
2025-05-10,29.44535,76.01285,326.5,1.4,1.2,66.0,303.55,14.9,0.0,5,19,Spring
2025-05-11,25.5964,78.2729,328.9,1.9,1.3,69.0,304.2,22.7,0.0,5,19,Spring
2025-05-12,30.68165,75.44309999999999,331.3,1.1,1.0,72.0,306.15,14.6,0.0,5,20,Spring
2025-05-13,31.10825,75.13974999999999,330.55,1.0,1.0,70.0,314.2,11.850000000000001,0.0,5,20,Spring
2025-05-14,30.7182,75.9617,334.3,1.1,1.0,72.0,317.0,15.3,0.0,5,20,Spring
2025-05-15,30.6003,76.0337,331.4,1.2,1.1,71.0,311.6,15.0,0.0,5,20,Spring
2025-05-16,31.130200000000002,75.75825,330.9,1.8,1.3,72.0,311.2,22.35,0.0,5,20,Spring
2025-05-17,31.042499999999997,75.4394,334.3,1.3,1.1,72.0,313.05,17.15,0.0,5,20,Spring
2025-05-18,30.943,76.07,331.7,1.1,1.0,74.0,310.6,13.4,0.0,5,20,Spring
2025-05-19,30.6695,76.3694,335.0,1.0,1.0,73.0,314.5,15.3,0.0,5,21,Spring
2025-05-20,30.4248,76.2245,330.1,1.1,1.0,68.0,309.0,11.8,0.0,5,21,Spring
2025-05-21,25.817,77.3684,330.1,1.2,1.1,72.0,305.7,16.4,0.0,5,21,Spring
2025-05-22,24.62,79.22975,326.04999999999995,1.2,1.1,65.5,304.45,13.3,0.0,5,21,Spring
2025-05-23,24.7641,80.1434,327.8,1.3,1.1,69.0,303.4,16.2,0.0,5,21,Spring
2025-05-24,23.7587,81.4971,327.3,1.1,1.1,65.0,302.3,12.3,0.0,5,21,Spring
2025-05-25,25.9365,77.055,326.8,1.0,1.0,65.0,304.7,9.8,0.0,5,21,Spring
2025-05-26,30.87495,77.09245,333.25,1.0,1.0,75.0,315.35,14.9,0.0,5,22,Spring
2025-05-27,30.8825,77.2425,330.6,1.2,1.1,74.5,309.29999999999995,17.299999999999997,0.0,5,22,Spring
2025-05-28,30.8712,77.14985,326.45,1.3,1.1,74.0,304.6,17.35,0.0,5,22,Spring
2025-05-29,30.4743,77.0311,329.0,1.4,1.2,70.0,307.2,18.0,0.0,5,22,Spring
2025-05-30,31.1092,76.6206,325.0,1.2,1.1,71.0,302.2,13.4,0.0,5,22,Spring
2025-05-31,30.3524,78.22444999999999,332.65,1.1,1.0,71.0,311.05,16.45,0.0,5,22,Spring
2025-06-01,30.8083,76.7955,323.8,1.1,1.0,72.0,303.6,12.8,0.0,6,22,Spring
2025-06-02,30.7034,77.2896,324.7,1.1,1.1,69.0,304.8,11.4,0.0,6,23,Spring
2025-06-03,24.9336,80.1316,326.7,1.1,1.1,65.0,302.4,14.2,0.0,6,23,Spring
2025-06-04,30.6118,77.1671,326.3,1.1,1.0,71.0,301.7,12.6,0.0,6,23,Spring
2025-06-05,22.3234,79.5028,326.2,1.1,1.0,68.0,301.4,14.1,0.0,6,23,Spring
2025-06-06,21.6369,78.6937,324.3,1.1,1.0,65.0,300.0,12.45,0.0,6,23,Spring
2025-06-07,23.64565,82.0026,328.75,1.1,1.0,66.0,305.1,11.5,0.0,6,23,Spring
2025-06-08,25.97815,79.73585,320.5,1.1,1.1,65.5,298.54999999999995,11.45,0.0,6,23,Spring
2025-06-09,30.62655,77.2415,325.1,1.1,1.0,71.0,303.45000000000005,14.350000000000001,0.0,6,24,Spring
2025-06-10,29.108,79.474,326.0,1.2,1.1,63.0,304.0,13.3,0.0,6,24,Spring
2025-06-11,30.7278,77.1167,321.1,1.1,1.1,69.0,300.9,12.0,0.0,6,24,Spring
2025-06-12,30.9316,77.26875,329.85,1.1,1.0,72.0,309.75,13.95,0.0,6,24,Spring
2025-06-13,30.858150000000002,77.25784999999999,321.3,1.2,1.1,69.0,301.25,13.850000000000001,0.0,6,24,Spring
2025-06-14,30.751,77.313,318.0,1.1,1.1,70.0,299.9,12.0,0.0,6,24,Spring
2025-06-15,30.4647,78.3295,325.8,1.4,1.2,65.0,303.9,17.8,0.0,6,24,Spring
2025-06-16,31.19235,76.79665,322.45,1.2,1.1,69.0,303.35,12.25,0.0,6,25,Spring
2025-06-17,30.7951,77.6597,331.2,1.1,1.0,69.0,308.9,15.1,0.0,6,25,Spring
2025-06-18,30.628300000000003,77.49635,326.55,1.1,1.0,67.0,305.8,11.15,0.0,6,25,Spring
2025-06-19,29.8536,78.5341,327.75,1.1,1.0,71.5,303.70000000000005,17.35,0.0,6,25,Spring
2025-06-20,22.3233,79.5799,325.5,1.2,1.1,70.0,297.1,11.6,0.0,6,25,Spring
2025-06-21,23.7606,78.9126,323.7,1.3,1.1,66.0,298.6,12.2,0.0,6,25,Summer
2025-06-22,23.7718,76.6567,321.8,1.1,1.0,66.0,296.0,9.2,0.0,6,25,Summer
2025-06-23,23.823999999999998,83.5344,315.45000000000005,1.1,1.0,62.0,295.55,9.149999999999999,0.0,6,26,Summer
2025-06-24,23.8362,76.2092,326.8,1.2,1.1,64.0,297.9,14.6,0.0,6,26,Summer
2025-06-25,23.7335,75.6203,320.6,1.3,1.1,54.0,296.8,14.9,0.0,6,26,Summer
2025-06-26,27.52735,75.8783,322.45,1.1,1.1,51.0,296.85,13.7,0.0,6,26,Summer
2025-06-27,23.7798,83.3522,324.1,1.1,1.0,48.0,297.6,10.2,0.0,6,26,Summer
2025-06-28,31.1311,75.4559,321.4,1.0,1.0,55.0,298.9,9.5,0.0,6,26,Summer
2025-06-29,30.91455,75.30115,326.3,1.0,1.0,52.5,301.2,10.350000000000001,0.0,6,26,Summer
2025-06-30,9.9122,77.965,322.3,1.2,1.1,56.0,295.8,11.7,0.0,6,27,Summer
2025-07-01,25.041150000000002,75.69645,316.65,1.05,1.0,53.0,294.70000000000005,9.85,0.0,7,27,Summer
2025-07-02,17.920450000000002,75.75935,322.55,1.0,1.0,55.0,299.54999999999995,11.649999999999999,1.5,7,27,Summer
2025-07-03,28.3181,74.6853,316.15,1.0,1.0,35.5,287.95,5.699999999999999,0.0,7,27,Summer
2025-07-04,16.18845,73.8556,318.6,1.6500000000000001,1.25,38.0,295.5,14.299999999999999,0.0,7,27,Summer
2025-07-05,13.7469,78.34165,316.0,1.2999999999999998,1.15,53.5,294.25,7.8,0.0,7,27,Summer
2025-07-06,22.0446,83.7361,305.2,1.1,1.0,63.0,286.8,10.8,2.0,7,27,Summer
2025-07-07,22.0438,83.728,304.0,2.8,1.6,43.0,287.9,14.8,2.0,7,28,Summer
2025-07-08,22.7916,85.1722,310.7,1.1,1.0,51.0,293.1,8.3,2.0,7,28,Summer
2025-07-09,22.182949999999998,78.00630000000001,319.8,1.25,1.1,66.0,296.5,11.5,1.0,7,28,Summer
2025-07-10,21.9222,85.04,313.3,1.1,1.1,59.0,292.6,8.9,0.0,7,28,Summer
2025-07-11,22.0392,77.9476,320.8,1.5,1.2,54.0,293.4,14.8,2.0,7,28,Summer
2025-07-12,16.51895,73.348,316.25,1.0,1.0,47.0,296.2,8.5,1.5,7,28,Summer
2025-07-13,23.7611,86.3909,308.7,1.1,1.1,27.0,291.7,8.3,2.0,7,28,Summer
2025-07-14,23.737,85.8555,319.3,1.1,1.0,49.0,293.6,8.5,2.0,7,29,Summer
2025-07-15,24.1308,81.50745,316.75,1.0,1.0,55.5,296.35,6.9,0.0,7,29,Summer
2025-07-16,23.9187,78.21,320.2,1.1,1.0,52.0,298.1,9.0,2.0,7,29,Summer
2025-07-17,23.6656,86.0414,309.1,1.4,1.2,61.0,292.1,8.6,2.0,7,29,Summer
2025-07-18,22.2417,76.41895,315.25,1.2,1.1,46.0,292.05,12.1,0.0,7,29,Summer
2025-07-19,23.7841,83.7426,319.7,1.2,1.1,46.0,299.3,14.2,0.0,7,29,Summer
2025-07-20,26.56785,79.68995,318.5,1.35,1.15,60.0,293.95000000000005,13.25,0.0,7,29,Summer
2025-07-21,27.22795,73.10210000000001,333.5,1.1,1.0,53.5,304.35,21.700000000000003,0.0,7,30,Summer
2025-07-22,24.5526,84.487,312.3,1.0,1.0,44.0,291.0,8.9,0.0,7,30,Summer
2025-07-23,12.293949999999999,78.3451,310.3,1.2999999999999998,1.15,62.0,289.20000000000005,14.600000000000001,0.0,7,30,Summer
2025-07-24,9.973600000000001,78.2724,316.8,1.05,1.0,53.0,294.2,7.95,0.0,7,30,Summer
2025-07-25,29.3036,76.2605,315.3,1.4,1.2,34.0,291.5,8.4,0.0,7,30,Summer
2025-07-26,23.726999999999997,85.60745,318.45000000000005,1.0,1.0,63.0,294.5,8.2,0.0,7,30,Summer
2025-07-27,26.5147,90.5273,309.8,1.0,1.0,55.0,295.1,5.9,2.0,7,30,Summer
2025-07-28,28.006300000000003,79.03465,317.75,1.1,1.0,47.5,297.54999999999995,9.0,0.0,7,31,Summer
2025-07-29,25.47915,77.28264999999999,319.25,1.2999999999999998,1.15,45.0,292.25,15.649999999999999,1.0,7,31,Summer
2025-07-30,28.2519,76.8259,320.4,1.5,1.2,45.0,297.3,11.7,0.0,7,31,Summer
2025-07-31,27.465,86.3955,322.0,1.0,1.0,43.0,301.7,9.3,0.0,7,31,Summer
2025-08-01,23.7345,85.015,311.9,1.1,1.0,52.0,286.3,6.2,2.0,8,31,Summer
2025-08-02,10.7444,79.0155,318.6,1.0,1.0,51.0,287.0,7.0,0.0,8,31,Summer
2025-08-03,13.3558,79.9891,311.1,1.2,1.1,55.0,285.7,5.6,0.0,8,31,Summer
2025-08-04,23.7779,84.0379,314.8,1.0,1.0,33.0,292.1,7.8,2.0,8,32,Summer
2025-08-05,8.9622,77.7856,324.5,1.2,1.1,76.0,297.5,9.6,0.0,8,32,Summer
2025-08-06,30.182450000000003,77.5539,315.1,1.55,1.2,57.5,294.75,12.25,1.0,8,32,Summer
2025-08-07,28.876,72.6396,325.3,1.0,1.0,27.0,300.0,11.7,0.0,8,32,Summer
2025-08-08,20.9653,85.1764,313.7,1.7,1.3,57.0,292.2,12.9,2.0,8,32,Summer
2025-08-09,30.0678,75.991,317.5,1.1,1.0,57.0,298.1,8.6,0.0,8,32,Summer
2025-08-10,14.123650000000001,78.44065,313.85,1.05,1.0,45.5,291.45000000000005,9.1,0.0,8,32,Summer
2025-08-11,21.0744,83.349,308.0,1.1,1.0,60.0,287.3,6.5,2.0,8,33,Summer
2025-08-12,22.043100000000003,80.96155,317.55,1.0,1.0,60.5,295.15,8.05,0.0,8,33,Summer
2025-08-13,14.2414,77.9241,313.8,1.4,1.2,58.0,294.9,8.2,0.0,8,33,Summer
2025-08-14,22.94875,77.60185000000001,318.4,1.1,1.05,49.0,296.54999999999995,10.0,0.0,8,33,Summer
2025-08-15,17.9,79.1274,316.3,1.0,1.0,49.0,291.0,7.4,0.0,8,33,Summer
2025-08-16,23.7622,86.3321,311.6,1.1,1.0,64.0,294.4,7.7,2.0,8,33,Summer
2025-08-17,23.682000000000002,86.3603,316.75,1.0,1.0,40.0,297.25,7.3,2.0,8,33,Summer
2025-08-18,16.47025,79.75965,315.0,2.0,1.4,36.0,293.5,16.95,0.0,8,34,Summer
2025-08-19,27.9863,79.6404,322.4,1.4,1.2,60.0,295.4,15.1,0.0,8,34,Summer
2025-08-20,14.3141,79.13515,317.54999999999995,1.05,1.0,43.0,296.9,7.75,0.0,8,34,Summer
2025-08-21,28.069,77.00005,317.45,1.65,1.25,42.5,294.45,13.75,0.0,8,34,Summer
2025-08-22,26.777749999999997,72.0144,320.5,1.0,1.0,45.5,299.45,10.100000000000001,0.0,8,34,Summer
2025-08-23,26.21635,74.928,312.4,3.2,1.7000000000000002,51.5,286.20000000000005,29.049999999999997,0.0,8,34,Summer
2025-08-24,27.4561,72.9831,320.8,1.1,1.0,55.0,299.5,9.0,0.0,8,34,Summer
2025-08-25,23.32995,85.2014,308.95,1.4,1.2,35.5,284.85,9.2,2.0,8,35,Summer
2025-08-26,29.6172,75.2623,316.1,1.3,1.1,50.0,295.6,15.1,0.0,8,35,Summer
2025-08-27,12.48485,79.74719999999999,315.6,1.75,1.3,44.5,287.7,19.3,1.5,8,35,Summer
2025-08-28,23.7689,86.2013,311.9,1.3,1.1,56.0,292.5,7.3,2.0,8,35,Summer
2025-08-29,23.738,86.4127,312.9,1.4,1.2,56.0,292.9,9.5,2.0,8,35,Summer
2025-08-30,22.36705,85.87325,313.9,1.15,1.1,57.5,293.95,8.65,2.0,8,35,Summer
2025-08-31,22.8019,76.6879,311.9,1.1,1.1,64.0,294.4,8.6,2.0,8,35,Summer
2025-09-01,22.3009,81.44855,312.1,1.6,1.2000000000000002,70.5,286.05,16.5,2.0,9,36,Summer
2025-09-02,22.794,83.7363,306.4,1.2,1.1,60.0,291.6,7.8,2.0,9,36,Summer
2025-09-03,22.3622,86.2117,318.3,1.0,1.0,63.0,294.9,8.6,2.0,9,36,Summer
2025-09-04,22.5775,86.14705000000001,311.2,1.0,1.0,45.5,293.15,8.149999999999999,2.0,9,36,Summer
2025-09-05,27.4817,74.2901,315.7,1.3,1.1,51.0,297.5,9.25,0.0,9,36,Summer
2025-09-06,23.6765,86.205,313.0,1.6,1.2,43.0,292.9,14.2,2.0,9,36,Summer
2025-09-07,23.75725,84.80225,318.95,1.2000000000000002,1.05,43.0,295.5,10.25,2.0,9,36,Summer
2025-09-08,23.77065,86.85645,317.1,1.1,1.0,50.5,296.1,8.2,1.0,9,37,Summer
2025-09-09,23.7569,86.2025,312.25,1.0,1.0,53.0,290.20000000000005,7.300000000000001,2.0,9,37,Summer
2025-09-10,20.870150000000002,77.55505,314.5,1.3,1.1,52.0,293.0,11.100000000000001,0.0,9,37,Summer
2025-09-11,20.3908,85.1708,318.0,1.1,1.0,44.0,298.2,11.2,0.0,9,37,Summer
2025-09-12,23.7636,86.2103,307.8,1.0,1.0,60.0,288.7,7.3,2.0,9,37,Summer
2025-09-13,20.46425,87.92384999999999,321.25,1.1,1.05,53.0,301.3,10.100000000000001,0.0,9,37,Summer
2025-09-14,18.6902,74.9153,315.4,1.0,1.0,58.0,299.1,8.5,0.0,9,37,Summer
2025-09-15,22.5976,79.7306,319.9,1.2,1.1,57.0,297.9,10.7,0.0,9,38,Summer
2025-09-16,12.25715,78.4482,319.4,1.1,1.0,60.0,300.95000000000005,8.3,0.0,9,38,Summer
2025-09-17,23.762,80.2826,316.5,1.1,1.1,52.0,298.6,7.8,0.0,9,38,Summer
2025-09-18,23.723,86.2059,314.95,1.2,1.1,48.5,296.65,9.3,0.0,9,38,Summer
2025-09-19,21.9188,83.7303,310.8,1.2,1.1,61.0,293.8,8.0,2.0,9,38,Summer
2025-09-20,23.2351,85.1743,316.4,1.2,1.1,52.0,297.7,9.850000000000001,1.0,9,38,Summer
2025-09-21,23.707900000000002,86.25049999999999,314.4,1.1,1.0,61.5,296.5,8.399999999999999,2.0,9,38,Summer
2025-09-22,23.897,85.042,314.7,1.1,1.1,54.0,294.9,7.8,0.0,9,39,Summer
2025-09-23,22.16385,84.0424,316.45000000000005,1.1,1.0,48.0,296.35,8.25,0.0,9,39,Fall
2025-09-24,30.693849999999998,76.83655,316.1,1.3,1.1,63.5,299.79999999999995,12.15,0.0,9,39,Fall
2025-09-25,21.333849999999998,76.15045,321.0,1.4,1.2,64.5,298.7,12.05,0.0,9,39,Fall
2025-09-27,23.7215,76.674,309.25,1.3,1.1,56.0,290.15,7.45,2.0,9,39,Fall
2025-09-28,20.877200000000002,85.10025,311.2,1.5,1.2,44.0,291.2,11.149999999999999,0.0,9,39,Fall
2025-09-29,21.7638,81.4144,313.3,1.2,1.1,52.0,292.0,10.1,2.0,9,40,Fall
2025-09-30,22.1595,84.9891,316.5,1.0,1.0,56.5,297.79999999999995,7.9,2.0,9,40,Fall
2025-10-01,21.019599999999997,83.72855000000001,314.7,1.2,1.1,52.0,297.05,9.25,2.0,10,40,Fall
2025-10-02,29.6389,75.4807,317.0,1.0,1.0,60.0,303.0,8.9,0.0,10,40,Fall
2025-10-03,21.72115,83.01660000000001,312.95000000000005,1.3,1.1,56.5,295.95000000000005,11.05,2.0,10,40,Fall
2025-10-04,22.36055,79.23795,315.65,1.2,1.1,59.0,301.8,8.5,0.0,10,40,Fall
2025-10-05,21.6758,83.7258,315.3,1.0,1.0,52.0,299.8,6.6,2.0,10,40,Fall
2025-10-06,22.3637,84.0392,310.9,1.1,1.1,64.0,295.75,7.4,0.0,10,41,Fall
2025-10-07,22.0482,83.7345,309.6,1.3,1.1,58.0,292.7,12.9,2.0,10,41,Fall
2025-10-08,20.7823,82.3104,313.8,1.5,1.2,44.0,293.6,12.6,0.0,10,41,Fall
2025-10-09,22.364600000000003,80.73205,315.1,1.1,1.1,62.0,299.55,8.75,0.0,10,41,Fall
2025-10-10,21.6806,84.8973,317.6,1.1,1.1,60.0,301.5,11.8,0.0,10,41,Fall
2025-10-11,22.3577,84.0362,313.3,1.1,1.0,59.0,299.6,8.6,2.0,10,41,Fall
2025-10-12,21.9198,83.347,313.7,1.4,1.2,58.0,293.0,9.5,2.0,10,41,Fall
2025-10-13,22.0377,84.8902,313.1,1.3,1.1,58.0,295.6,10.3,2.0,10,42,Fall
2025-10-14,28.9194,76.3884,317.4,1.1,1.0,64.0,301.3,10.1,0.0,10,42,Fall
2025-10-15,23.04105,84.36234999999999,313.35,1.25,1.1,56.0,295.65,9.6,0.0,10,42,Fall
2025-10-16,22.0437,82.2997,314.6,1.2,1.1,61.0,296.1,9.9,0.0,10,42,Fall
2025-10-17,29.6708,76.8182,317.5,1.3,1.1,66.0,301.1,11.1,0.0,10,42,Fall
2025-10-18,21.7503,80.4904,313.4,1.15,1.1,57.5,295.95,8.2,0.0,10,42,Fall
2025-10-19,26.6324,76.2964,319.3,1.1,1.0,62.0,302.6,9.5,0.0,10,42,Fall
2025-10-20,23.7671,78.8721,314.2,1.4,1.2,53.0,297.3,10.5,0.0,10,43,Fall
2025-10-21,25.20495,78.97225,316.4,1.3,1.1,63.0,300.0,10.4,0.0,10,43,Fall
2025-10-22,24.778100000000002,82.3038,315.25,1.2,1.1,63.0,300.25,9.4,0.0,10,43,Fall
2025-10-23,21.129649999999998,77.79245,315.5,1.2,1.1,62.0,299.25,8.2,0.0,10,43,Fall
2025-10-24,27.4896,76.1572,318.1,1.0,1.0,62.5,302.3,8.5,0.0,10,43,Fall
2025-10-25,24.8688,77.6602,317.4,1.3,1.1,62.0,300.1,10.2,0.0,10,43,Fall
2025-10-26,28.0221,76.9021,317.9,1.4,1.2,63.0,303.4,11.0,0.0,10,43,Fall
2025-10-27,30.1131,75.8091,318.05,1.6,1.25,64.5,302.25,13.7,0.0,10,44,Fall
2025-10-28,20.60145,77.09675,316.8,1.2,1.1,64.5,299.65,9.45,0.0,10,44,Fall
2025-10-29,29.7338,75.9285,318.8,1.0,1.0,63.0,303.4,8.0,0.0,10,44,Fall
2025-10-30,23.8899,78.06569999999999,314.5,1.2,1.1,58.0,298.05,8.6,0.0,10,44,Fall
2025-10-31,29.56395,76.01679999999999,317.3,1.3,1.1,64.0,303.5,10.6,0.0,10,44,Fall
2025-11-01,30.4788,75.2796,316.9,1.7,1.3,64.0,303.6,16.7,0.0,11,44,Fall
2025-11-02,23.2011,76.43765,317.0,1.2,1.1,66.0,302.3,12.1,0.0,11,44,Fall
2025-11-03,30.006500000000003,75.7775,317.5,1.0,1.0,62.0,302.3,8.55,0.0,11,45,Fall
2025-11-04,23.6573,79.24925,313.79999999999995,1.2,1.1,61.0,299.65,10.5,0.0,11,45,Fall
2025-11-05,26.1412,76.4342,317.35,1.2,1.1,61.0,302.0,9.9,0.0,11,45,Fall
2025-11-06,30.1307,75.2848,314.8,1.8,1.3,59.0,299.2,15.2,0.0,11,45,Fall
2025-11-07,23.76135,77.93295,315.7,1.2,1.1,62.0,301.1,10.1,0.0,11,45,Fall
2025-11-08,30.0423,75.57,316.6,1.1,1.0,61.0,301.3,8.1,0.0,11,45,Fall
2025-11-09,23.7575,79.5428,312.8,1.3,1.1,57.0,298.3,10.4,0.0,11,45,Fall
2025-11-10,26.0165,76.67,316.7,1.2,1.1,62.0,301.9,8.7,0.0,11,46,Fall
2025-11-11,30.0617,75.2264,313.6,2.0,1.4,63.0,298.2,15.9,0.0,11,46,Fall
2025-11-12,24.76265,79.8692,315.1,1.3,1.1,60.0,301.9,10.8,0.0,11,46,Fall
2025-11-13,29.3896,75.5192,315.6,1.1,1.1,62.0,299.7,9.0,0.0,11,46,Fall
2025-11-14,23.4636,78.4844,312.4,1.1,1.0,56.0,300.2,6.8,0.0,11,46,Fall
2025-11-15,26.0218,77.6895,315.4,1.1,1.0,61.0,300.9,7.8,0.0,11,46,Fall
2025-11-16,25.8672,76.5339,312.0,2.1,1.4,62.0,296.8,16.7,0.0,11,46,Fall
2025-11-17,25.9045,80.146,314.0,1.3,1.1,59.0,300.4,9.5,0.0,11,47,Fall
2025-11-18,30.3212,74.9171,315.3,1.1,1.1,63.0,300.1,9.0,0.0,11,47,Fall
2025-11-19,23.5536,78.0533,311.7,1.3,1.1,59.0,298.5,9.6,0.0,11,47,Fall
2025-11-20,25.927599999999998,78.23995,313.0,1.1,1.0,61.0,299.6,7.2,0.0,11,47,Fall
2025-11-21,29.6302,74.7923,312.0,2.1,1.4,60.0,298.2,16.4,0.0,11,47,Fall
2025-11-22,25.8839,80.3806,312.0,1.2,1.1,60.0,298.8,8.5,0.0,11,47,Fall
2025-11-23,25.709699999999998,76.92095,314.3,1.2,1.1,61.0,299.4,10.9,0.0,11,47,Fall
2025-11-24,25.44765,82.814,310.7,1.3,1.1,59.0,297.6,8.95,0.0,11,48,Fall
2025-11-25,24.4953,78.8772,313.4,1.1,1.0,60.0,300.4,7.4,0.0,11,48,Fall
2025-11-26,22.3551,78.3577,310.1,1.2,1.1,61.0,296.6,9.1,0.0,11,48,Fall
2025-11-27,25.4504,81.9178,311.3,1.1,1.0,59.0,298.6,7.1,0.0,11,48,Fall
2025-11-28,21.8352,77.7516,313.3,1.2,1.1,62.0,299.9,10.2,0.0,11,48,Fall
2025-11-29,23.7619,82.3425,311.2,1.3,1.1,60.0,298.7,8.6,0.0,11,48,Fall
2025-11-30,25.8689,78.4487,310.7,1.1,1.0,58.0,297.6,7.0,0.0,11,48,Fall
2025-12-01,23.97555,80.4948,309.35,1.25,1.1,62.0,293.65,9.6,0.0,12,49,Fall
2025-12-02,25.2274,82.5959,312.0,1.1,1.0,59.0,299.0,7.15,0.0,12,49,Fall
2025-12-03,22.71065,80.56755000000001,310.65,1.2,1.1,61.0,295.2,9.399999999999999,0.0,12,49,Fall
2025-12-04,25.0312,83.7961,312.0,1.2,1.1,59.0,299.6,8.3,0.0,12,49,Fall
2025-12-05,22.162950000000002,80.47625,312.0,1.2,1.1,61.0,297.6,8.95,0.0,12,49,Fall
2025-12-06,22.95165,81.3831,309.85,1.2,1.1,59.5,295.8,8.5,0.0,12,49,Fall
2025-12-07,25.162599999999998,83.09825000000001,311.9,1.1,1.0,60.0,297.85,7.55,0.0,12,49,Fall
2025-12-08,19.5763,75.8837,314.75,1.1,1.0,61.0,297.29999999999995,9.0,0.0,12,50,Fall
2025-12-09,25.1607,83.7324,310.8,1.2,1.1,59.0,296.6,8.3,0.0,12,50,Fall
2025-12-10,20.999,79.8061,313.5,1.2,1.1,62.0,298.6,8.8,0.0,12,50,Fall
2025-12-11,20.961,78.3532,309.3,1.1,1.1,58.0,296.9,7.6,0.0,12,50,Fall
2025-12-12,22.1397,82.1957,312.6,1.1,1.0,62.0,298.1,8.3,0.0,12,50,Fall
2025-12-13,21.0896,78.77495,310.25,1.1,1.0,60.0,294.9,7.3,0.0,12,50,Fall
2025-12-14,22.2679,83.3957,311.7,1.2,1.1,62.0,297.9,10.0,0.0,12,50,Fall
2025-12-15,20.95165,80.10135,314.55,1.2,1.1,62.0,301.0,10.1,0.0,12,51,Fall
2025-12-16,21.492150000000002,77.18535,310.25,1.1,1.0,61.0,297.5,9.0,0.0,12,51,Fall
2025-12-17,21.8822,82.0962,312.2,1.0,1.0,61.0,298.1,8.1,0.0,12,51,Fall
2025-12-18,21.0739,79.2452,311.1,1.2,1.1,62.0,297.1,9.6,0.0,12,51,Fall
2025-12-19,23.3182,83.7269,311.7,1.1,1.1,60.0,298.5,8.9,0.0,12,51,Fall
2025-12-20,23.7611,77.1192,308.8,1.2,1.1,62.0,293.0,8.3,0.0,12,51,Fall
2025-12-21,19.4289,76.9078,310.2,1.1,1.0,61.0,295.79999999999995,7.75,0.0,12,51,Winter
2025-12-22,21.7573,81.57939999999999,310.05,1.0,1.0,60.0,295.3,7.0,0.0,12,52,Winter
2025-12-23,19.72215,77.453,311.0,1.1,1.1,58.0,295.7,7.2,0.0,12,52,Winter
2025-12-24,23.6785,84.2991,310.4,1.1,1.0,60.5,295.5,7.6,0.0,12,52,Winter
2025-12-25,24.6441,75.44,307.85,1.2,1.1,57.5,294.0,7.800000000000001,0.0,12,52,Winter
2025-12-26,23.2837,84.84915,308.3,1.3,1.1,60.0,294.2,7.75,0.0,12,52,Winter
2025-12-27,21.7028,82.3472,312.4,1.0,1.0,63.0,297.7,7.9,0.0,12,52,Winter
2025-12-28,20.98075,81.43345,310.75,1.2,1.1,59.0,296.6,8.25,0.0,12,52,Winter
2025-12-29,21.77815,83.73475,312.0,1.2,1.1,61.0,297.8,8.25,0.0,12,1,Winter
2025-12-30,22.3508,85.1773,308.3,1.2,1.1,62.0,292.7,8.6,0.0,12,1,Winter
2025-12-31,19.252,75.408,311.1,1.1,1.1,57.0,298.3,7.8,0.0,12,1,Winter
